TRACT,meanHSize,percent_bachelorPlus,totalRace1,totalRace2,meanvalence
1011.1,2.87,19.4,2319,1244,5.863903051
1011.22,2.7,27.2,2175,304,5.963173765
1012.1,2.53,16.6,2078,2434,5.623311627
1012.2,2.49,19.8,1370,509,5.687385643
1013,2.84,31,3116,365,5.687330574
1014,2.73,27.7,2379,739,5.812804255
1021.03,2.72,38.1,1238,322,5.901084656
1021.04,2.51,43.9,2092,454,5.859435399
1021.05,3.37,16.1,381,1088,5.79375437
1021.07,2.94,28.7,1866,833,5.869520332
1031.01,3.03,25.2,1501,607,6.041862053
1031.02,3,23.3,2460,988,5.813826043
1032,2.76,24.1,2815,1914,5.94791728
1033,2.72,41.8,2340,299,5.776625734
1034,2.74,26.5,3580,1149,5.816455421
1041.03,4.93,12.7,216,2287,5.979344983
1041.05,3.82,16.4,346,3452,5.751513415
1041.08,,13.5,187,2935,5.840157361
1041.24,3.28,30.3,1163,1872,5.776091302
1042.03,4.67,5,23,3089,5.765700261
1042.04,4.13,10.5,357,1907,5.807784269
1043.1,6.01,4.5,46,3644,5.775798461
1043.2,4.55,7,88,3955,5.782129773
1044.01,5.26,5.9,51,2740,5.980282707
1044.03,4.62,11,80,2263,5.722385092
1044.04,4.59,3.5,35,1870,5.722627134
1045,4.95,3.5,25,2356,5.677915858
1046.1,4.75,3.6,41,2506,5.892717554
1046.2,4.75,3.5,35,2584,5.909456349
1047.01,4.38,6.8,8,2507,5.715044325
1047.03,3.89,12,56,1380,5.886849291
1047.04,3.98,14.4,199,2438,6.136376438
1048.1,5.55,5.8,179,4255,5.738275082
1048.21,4.29,10.4,169,2192,5.66213464
1048.22,4.19,8.2,51,1681,5.911226403
1060.1,3.24,22.2,473,1604,5.883899807
1060.2,4.39,16.5,780,3962,5.808010144
1061.11,3.54,24.3,924,2561,5.868411399
1061.12,3.88,23.2,887,3192,5.882206164
1061.13,3.6,22.1,454,1994,5.887201072
1061.14,3.86,15.3,352,3642,5.688010101
1064.03,4.64,5.6,264,2510,5.799261806
1064.05,3.51,10.4,399,2080,5.845463588
1064.06,3.51,23.2,1082,2661,5.889700117
1064.07,3.37,11.7,499,1334,5.930472914
1064.08,3.99,9.5,106,2419,5.807031291
1065.1,3.12,28.5,899,2719,5.855457048
1065.2,4.34,8.3,675,3859,5.730317269
1066.03,3.29,54,1541,400,5.805882884
1066.04,4.02,12.2,415,2868,5.844219054
1066.41,2.97,58.6,1179,188,5.936354326
1066.42,3.02,35.3,1694,681,5.804299019
1066.43,3.55,54.8,2293,428,5.891875787
1066.45,2.9,58.4,2053,263,5.915667179
1066.46,3.61,30.6,1561,982,5.797595604
1066.48,4.02,7.6,95,2752,5.76268759
1066.49,3.75,30.9,256,1218,5.93265073
1070.1,4.21,8.9,114,2372,5.81120496
1070.2,4.57,16.8,215,3886,5.877179411
1081.01,2.99,53,1226,318,5.901752023
1081.02,3.06,58.8,1762,274,5.819565179
1081.03,3.15,67.1,1838,290,5.856912225
1081.04,3.32,62.7,1014,131,5.972399724
1082.01,3.01,61.1,1835,271,5.910561691
1082.02,2.89,52.5,2027,623,5.985172837
1091,3.52,19.1,678,1265,5.874221213
1092,2.95,36.6,992,724,5.718798251
1093,3.79,26.7,851,1254,5.803502254
1094,3.34,17.1,457,2193,5.742775821
1095,4.6,11.5,203,3178,5.849729363
1096.01,4.01,21.3,656,2751,5.738122612
1096.03,3.27,19.8,817,2245,5.785257051
1096.04,3.45,16,529,1758,5.755370547
1097,3.65,29,1265,1672,5.839894279
1098,3.5,22,1213,2263,6.027395849
1111,3.33,28,1129,926,5.782066161
1112.01,3.12,35.7,1557,833,5.807704398
1112.02,2.96,35.9,2187,1240,5.896026475
1112.04,3.18,57.5,3114,733,5.84637223
1112.05,3.03,41,980,734,5.730252408
1112.06,3.13,47.7,2211,705,5.900651917
1113.01,2.83,30.1,2543,2365,5.758949548
1113.02,2.66,45.4,2345,869,5.794357597
1114,2.71,32.9,2444,2287,5.748264632
1131.01,3.33,45.8,2059,595,5.858726465
1131.02,3.11,49,1719,344,5.7717872
1132.11,2.45,48.7,2174,439,5.810290041
1132.12,2.96,46.4,1362,644,5.820263784
1132.13,2.75,35.2,1907,1064,5.692609548
1132.31,2.68,47.2,1197,224,6.004005539
1132.32,3.07,39.4,2185,621,5.937159505
1132.33,3.27,14.8,1377,3626,5.7155529
1132.34,3.13,22.3,997,1548,5.777561876
1132.35,2.49,29,981,252,5.819717688
1132.37,2.86,36.1,1904,861,5.794160314
1133.01,2.82,43.4,1245,441,5.828624375
1133.03,2.96,31.5,1735,1010,5.8680424
1133.21,2.4,39.7,1628,1450,5.810785766
1133.22,2.7,42.5,2129,615,5.738191689
1134.01,3.07,30.8,1772,1925,5.911417309
1134.21,3.48,16.5,1387,2736,5.70097015
1134.22,3.12,26.9,1500,2375,5.684454894
1151.01,3.14,49.5,2678,783,5.82250279
1151.03,3.87,47.1,1052,1109,5.802021671
1151.04,2.32,50.1,1231,1096,5.809748297
1152.01,2.38,38,2624,1744,5.906527794
1152.02,2.38,38.6,2013,981,5.871357249
1153.01,2.52,45.4,1957,605,5.900684002
1153.02,4.36,15.6,481,2242,5.762304637
1154.01,3.02,31.3,1882,1870,5.748253071
1154.03,3.46,24,699,1395,5.894074759
1154.04,3.61,22.5,635,1126,5.850511198
1171.01,4.04,32.8,343,2026,5.998172118
1171.02,3.57,21.1,599,1339,5.869394968
1172.01,3.94,20.6,696,2211,5.804415987
1172.02,3.46,32,655,688,5.832721402
1173.01,3.1,39.3,1467,920,5.805783302
1173.02,2.97,41.2,2018,826,5.841017064
1173.03,3.42,24.8,1207,1295,5.857135106
1174.04,3.18,24,1335,1604,5.916467023
1174.05,4.46,7.6,143,2518,5.820523285
1174.07,4.12,2.5,48,2462,5.939776076
1174.08,3.7,8.8,147,1875,5.851884053
1175.1,4.15,4.5,154,2420,5.827603121
1175.2,4.04,11,128,2375,5.663219857
1175.3,4.1,14.2,252,3553,5.867535164
1190.01,4.17,19.3,361,2076,6.051725469
1190.02,4.4,9.7,491,4616,5.871885444
1192.01,4.6,13.1,203,2695,6.010740325
1192.02,4.45,7.8,352,2724,5.574746793
1193.1,3.29,15.2,566,2033,6.006862683
1193.2,4.23,16.7,131,2352,5.755883339
1193.4,4.01,7.1,35,2401,5.599886358
1193.41,3.64,22.9,271,1212,5.552025974
1193.42,4.58,9.4,52,1979,5.817186589
1194,5.02,10.5,314,3848,5.717064995
1197,3.77,30.2,964,1654,5.816822037
1198,4.65,14.1,384,4221,5.854631407
1199,4.36,17.3,473,2700,5.734530467
1201.03,4.06,5,35,1951,5.609668089
1201.04,3.54,16.4,179,1289,5.71116179
1201.05,3.32,13.7,196,1586,5.832621842
1201.06,3.91,10.4,94,2601,5.837030125
1201.07,3.78,5.1,85,2368,5.868200877
1201.08,3.81,9.9,259,3234,5.817959984
1203,3.94,20.7,984,2482,5.848277331
1204,3.43,21,944,3161,5.785207758
1210.1,3.62,22.4,1019,2001,5.780610251
1210.2,3.78,20,916,1641,5.609341029
1211.01,3.4,17.4,613,1456,5.650773619
1211.02,3.49,23.2,831,1115,5.768373475
1212.1,3.95,18.5,285,1820,5.756098948
1212.21,4.53,11.7,195,1538,5.876588791
1212.22,4.25,5.6,231,3053,5.797049412
1216,3.29,28.2,913,822,5.952009566
1218.01,3.02,14.5,525,1650,5.860474485
1218.02,3.94,13,755,1663,5.747297293
1219,3.95,,607,2823,5.786473131
1220,4,21,2195,2325,5.842376342
1221.2,4.3,10.5,439,3209,5.814443008
1221.21,3.87,13,191,1711,5.807924758
1221.22,4.05,4.5,238,1505,5.845871869
1222,4.63,7.7,334,2728,5.749590299
1224.1,3.64,10.5,471,2171,5.786828368
1224.2,3.35,17.5,481,2735,5.939708963
1230.1,4.16,7.3,346,2761,5.907131638
1230.2,4.44,10.2,229,2477,6.009939683
1231.03,2.82,27.1,962,1849,5.772383816
1231.04,2.66,16.5,667,2522,5.759440071
1232.03,3.41,5.8,462,2040,5.886989264
1232.04,3.22,11.5,535,1806,5.81337901
1232.05,3.92,12.7,310,1593,5.727453796
1232.06,3.35,9.8,283,1876,5.82474468
1233.01,3.03,28.7,1125,1447,5.865496976
1233.03,3.46,21,946,1371,5.885139803
1233.04,2.68,31,1844,1529,5.833314159
1234.1,3.31,21.8,1312,1748,5.810338145
1234.2,3.3,19.9,1255,1802,5.883168281
1235.1,3.23,20.6,1740,1663,5.838233659
1235.2,3.08,35,751,938,5.731501129
1236.01,2.74,29.4,2586,1761,5.819056333
1236.02,2.7,32.6,1609,1081,5.939660941
1237,2.59,33.8,2407,380,5.770531497
1238,2.36,32.3,2604,1117,5.774266099
1239.01,2.95,23.9,1411,1761,5.872067197
1239.02,2.48,45.6,1245,582,5.793990137
1240,2.45,62,2937,613,5.99169801
1241.02,2.68,39.8,1207,1254,5.728472654
1241.03,3.64,14.4,202,1238,5.896868451
1241.04,2.66,22.9,680,1210,5.796892388
1241.05,2.99,25.9,725,1209,5.84047332
1242.01,2.8,20.3,827,1545,5.788607857
1242.03,3.19,9.8,481,1564,5.968485353
1242.04,2.83,19.6,738,1158,6.0169064
1243,2.87,14.5,850,1888,5.850269337
1244,2.61,43.1,2389,660,5.831059851
1245,2.66,41.7,1635,662,5.983355086
1246,2.41,50.6,1911,367,5.908750295
1247,2.27,51.6,2967,701,5.949210842
1249.02,1.92,38.2,1391,716,5.856314182
1249.03,1.87,38.4,1975,695,6.024688621
1251,2.23,46,3017,1114,5.936765432
1252,2.38,41.3,1485,1122,5.942158948
1253.1,2.4,35.8,1583,1594,5.857651218
1253.2,2.05,41.3,2635,1596,5.840457949
1254.01,1.69,47.5,1536,809,5.87334685
1254.02,2.04,52.7,2088,858,5.867568484
1255.01,2.06,41.2,1576,840,5.882202557
1255.02,2.02,44.7,1845,559,5.929683051
1256,2.05,54.6,1565,223,6.035026237
1271.02,3.42,19,1223,2315,5.769713193
1271.03,3.06,22.1,576,1545,5.922960642
1271.04,3.2,20.4,955,1748,5.756059815
1272.1,3.09,22.1,1114,2417,5.893422683
1272.2,2.76,17.6,638,2536,5.759427634
1273,2.64,27.3,1162,1663,5.81215063
1274,3.33,11.8,844,3268,5.743325147
1275.2,3.14,12.6,107,2236,5.9620635
1276.03,3.45,13.5,298,1750,5.708808183
1276.04,2.44,30.6,660,909,5.841710258
1276.05,3.94,16.4,364,2167,5.82268112
1276.06,3.36,21,633,1855,5.827151046
1277.11,3.35,34.2,1061,1332,6.042800111
1277.12,2.48,21,839,1419,5.791503712
1278.03,2.85,16.7,829,1860,5.870173358
1278.04,2.71,27.7,1144,1463,5.699343691
1278.05,3.4,19.2,687,2029,5.892434573
1278.06,2.64,20.3,716,1660,5.719826021
1279.1,3.54,14.4,987,2385,5.81166479
1279.2,3.33,17.2,1225,1568,6.010534734
1281.01,2.66,27.8,1151,1296,5.582136191
1281.02,3.26,10.3,677,2446,5.933592699
1282.1,3.57,10,354,3276,5.685013777
1282.2,2.62,32.4,968,1039,5.962902266
1283.02,3.6,15.2,696,3031,5.731984442
1283.03,3.16,7.4,226,1975,5.809521986
1284,2.5,42.4,1949,983,5.712260953
1285,2.19,48.1,2305,723,5.851448646
1286.01,2.79,27.7,1487,1606,5.847177364
1286.02,2.32,45.7,1947,373,5.993434664
1287.02,2.09,48.1,3292,693,5.832188572
1288.01,1.82,54.6,1779,506,5.986279413
1288.02,2.19,59.1,2649,760,5.893059742
1289.1,2.28,54.9,2584,235,5.754280969
1310.1,3.22,18.1,1089,2834,5.764929631
1310.2,3.55,18.1,876,2887,5.783286936
1311,3.29,30.5,1273,942,5.840389076
1312,2.74,30.4,987,992,5.703498103
1313,4.1,14.9,1158,2394,5.8437599
1314,3.23,28.5,1569,1986,5.862752741
1316,3.64,24.7,1526,2094,5.799849827
1317.01,2.66,27.4,1103,1280,5.941002638
1317.02,3.26,20.3,826,1424,5.801717463
1318,3.52,20.4,1360,2836,5.761832767
1319,3.39,24.7,1324,1793,5.796355847
1320.01,2.86,26.9,1427,748,5.914716647
1320.02,3.05,25.3,1566,934,5.774998794
1321.01,2.97,29.1,1157,1562,5.6952768
1321.02,2.65,27.7,1729,1771,5.804880875
1323,3.05,22.9,1508,3267,5.823057835
1325.01,3.38,15.3,1277,1734,5.864575821
1325.02,3.18,18.4,1113,1375,5.885878614
1327,3.65,17.7,1432,2592,5.695025273
1329,3.08,31.6,2062,887,5.85824785
1330,3.55,17.4,1236,1904,5.781645724
1331,2.79,31.5,2491,1933,5.794838057
1340.01,4.14,12.1,215,2478,5.724838965
1340.02,3.89,17.3,727,1892,5.46679287
1341.01,3.94,21.6,1112,2220,5.85189814
1341.03,3.33,19.6,1119,1693,5.757423165
1341.04,3.06,25.3,760,1175,5.829830994
1342.01,3.4,20,1209,1608,5.778321949
1343.02,3.11,28.9,1954,774,5.843299199
1343.03,3.31,25.4,2226,2372,5.834480834
1343.04,3.14,27.2,1054,738,5.770020199
1343.05,4.09,7.8,314,2849,5.885465621
1343.06,2.97,25.9,1192,942,5.960638145
1344.21,2.78,47.6,2286,287,5.795783439
1344.22,3.11,42.6,2839,366,5.80157473
1344.23,2.6,54.2,1950,305,5.946462719
1344.24,2.86,66.4,1648,143,5.836082926
1345.2,2.96,14.3,498,3057,5.852244042
1345.21,4.26,3.5,121,1951,5.720241391
1345.22,2.98,19.8,487,1990,5.897879272
1347.1,3.62,15.7,738,3431,5.850737519
1347.2,3.1,24.4,1111,1933,5.782255943
1348,3.42,22.5,1528,2708,5.868511044
1349.01,2.98,37.1,1679,769,5.814150794
1349.03,2.44,39.2,1249,1965,5.799741482
1349.04,3.23,24.1,1162,2090,5.792541742
1349.05,1.99,60.7,2050,411,5.834112087
1351.02,3.16,45.1,2272,468,5.844679324
1351.11,2.83,47.9,1241,491,5.833748552
1351.13,2.22,53.9,1262,212,5.862609819
1351.14,1.93,68.8,2220,428,5.854745952
1352.01,2.96,43.1,1503,293,5.824686303
1352.02,3.02,37.3,2548,492,5.781463615
1352.03,2.89,41.1,4075,973,5.872575171
1371.03,1.95,53.7,2501,576,5.819231424
1371.04,2.72,48.5,1812,247,5.80724164
1372.01,2.54,47.2,2790,597,5.776002212
1373.01,3.07,49,1284,174,5.779025372
1373.02,2.77,55.8,3155,208,5.813459848
1374.01,2.72,52,2459,321,5.81168614
1374.02,2.73,42.1,3329,648,5.867295033
1375.01,2.52,55.1,2202,636,5.81889342
1375.02,2.32,56.2,2512,454,5.807344357
1375.04,2.98,57.7,1690,52,5.848595302
1380,2.64,53,3274,311,5.862419674
1390.01,2.38,54.5,2593,746,5.838864547
1392,2.54,42.2,2752,1164,5.963745651
1393.01,3.07,42.3,2908,653,5.823717622
1393.02,2.37,34.8,1872,1190,5.672760953
1393.03,2.26,32.7,2155,813,5.833324046
1394.01,2.54,34.7,1142,1066,5.842301052
1394.02,3.21,53,1947,73,5.8571573
1395.02,2.48,61.2,1891,305,5.804686746
1395.03,2.19,48,3638,430,5.946024162
1395.04,2.02,41,2470,239,6.070606245
1396,2.22,59.5,3290,307,5.917884615
1397.01,2.53,62.2,3555,207,5.915207737
1397.02,2.74,63.7,4263,209,5.829827027
1397.03,2.67,58.3,1896,121,5.625753749
1398.01,2.64,62.9,2430,214,5.831373854
1398.02,2.92,62.6,2741,177,5.836491398
1411.01,2.02,63.1,2913,547,6.013492773
1411.02,2.22,62.4,1853,205,5.996448726
1412.01,2.12,54.5,2147,759,5.903109028
1412.02,2.1,66.4,1959,191,5.894751574
1413.02,1.96,60.3,3504,645,5.979409195
1413.03,1.85,57.9,2159,172,5.922096452
1413.04,2.23,59.9,1935,237,5.865283337
1414,2.22,56.9,3227,217,5.855330247
1415,2.82,68.6,2074,140,5.875680725
1416,2.56,69.8,2887,216,5.750189457
1417,2.61,61.4,2104,152,5.962696214
1431,1.99,56.7,2951,433,5.904927993
1432,2.02,59.1,2118,621,6.107420384
1433,2.26,50.3,3911,915,5.952326078
1434,2.16,55.2,4197,567,5.940705847
1435,2.12,64.1,2919,373,6.007982929
1436.02,1.99,60.9,3063,280,5.8661214
1436.03,1.77,63.7,1455,212,5.843351845
1436.04,1.65,64,1948,363,5.91736593
1437,2,65.5,2509,151,5.927826776
1438,2.3,64.7,3348,562,5.963523216
1439.01,2.58,65.6,2851,155,5.995181544
1439.02,2.25,69,2032,213,5.899310367
1810,2.76,49.2,2035,1897,5.902745987
1813,2.85,53.3,1229,1095,5.817905247
1814,2.72,38.7,1117,1545,5.959754059
1815,3,37.4,1042,1530,5.981434904
1816,3.06,37.8,1297,1516,5.713576462
1831.01,2.9,33.3,550,2026,5.834533204
1831.03,3.19,17.9,334,2414,5.774019689
1831.04,3.09,34.1,366,1034,6.003439374
1832.2,3.73,17.4,308,2480,5.821620785
1832.21,3.09,31.7,709,1575,5.845296606
1832.22,2.69,37.4,900,1379,5.759317767
1833,3.33,23,449,1689,5.94254149
1834.01,3.14,25.4,311,1340,5.717016516
1834.02,3.23,34.4,563,1119,5.812119907
1835.1,3.3,21.3,373,1492,5.67776191
1835.2,3.39,19,355,2302,5.641070193
1836.1,3.5,13.7,309,2246,5.848962015
1836.2,3.54,20.9,434,1779,5.903331269
1837.01,2.94,19.6,256,2678,5.743593972
1837.02,2.99,32.9,462,1544,5.720496568
1838.1,3.25,21,365,2658,5.865641057
1838.2,3.86,8.5,125,2546,5.790085526
1851,2.85,41.8,1749,2723,5.885087434
1852.02,2.98,33.8,841,2012,5.858314172
1852.03,3.48,16.8,217,2262,5.836793651
1852.04,2.78,47.3,441,567,5.597520563
1853.1,4.13,6.7,204,2068,5.99696627
1853.2,3.25,7.9,107,2090,6.051222081
1861,2.6,44.9,1200,1148,5.909680576
1862.01,2.85,42.2,441,1000,6.038469964
1862.02,2.91,39.4,354,502,6.114673084
1862.03,2.84,46.7,1033,898,5.560731839
1863.01,3.39,17.2,396,1789,5.793482108
1863.02,2.8,34.1,1057,1834,5.766446699
1864.01,3.65,16.1,155,2262,5.77352977
1864.03,3.5,14.9,152,1782,5.686456784
1864.04,3.43,19.4,207,1605,5.742300014
1871.01,2.56,36,939,707,6.06247287
1871.02,2.92,30.3,609,1642,5.820442407
1872,3.13,18.4,228,1748,5.906945028
1873,2.22,58.8,1569,540,5.899753641
1881,2.23,,856,1883,5.857235108
1882.01,1.84,61.8,2055,437,5.950636256
1882.02,2.09,61.1,1362,220,6.036547207
1883,2.59,44.2,1060,1017,6.054336608
1891.01,1.79,55.6,1673,382,6.017768483
1891.02,1.66,71.8,1874,524,6.013185423
1892.01,1.7,56.6,2266,368,5.947224906
1892.02,2.17,66.3,1780,185,6.260395806
1893,2.22,70.5,1878,154,6.150775222
1894,1.92,69.8,2604,121,5.891115113
1895,1.49,67.9,2893,510,5.933810959
1896,1.72,65.2,2082,645,5.899244434
1897.01,2.02,64,2370,398,5.953363763
1897.02,1.53,71.4,1419,83,5.928190699
1898,1.66,60.1,2316,714,6.000297585
1899.02,1.63,60.3,3500,840,5.926225067
1899.03,1.51,48.8,1373,203,6.058329621
1899.04,1.65,59.4,1803,137,6.000404385
1899.05,1.65,51.7,1672,217,5.965897725
1901,1.75,50.6,3067,730,5.962570369
1902.01,1.61,31.3,1650,623,5.847658309
1902.02,1.42,52.9,1732,551,6.022512098
1903.01,1.77,35.9,2959,1238,5.815913727
1904.01,1.86,49.8,2015,484,5.919585954
1904.02,1.84,39.5,1378,380,6.000453272
1905.1,2.86,32,1504,1752,5.86980348
1905.2,2.41,26.9,1415,1334,6.023317359
1907,1.81,42.4,1529,1325,5.947980587
1908.01,1.6,32.5,868,902,5.972801373
1908.02,1.88,36,904,1188,5.996829537
1909.01,2.87,23.1,560,2534,5.787288859
1909.02,2.61,18.5,1118,1880,6.038523294
1910,1.9,46.8,1344,1415,5.960650397
1911.1,2.04,24.3,1857,906,5.806545296
1911.2,2.65,16.6,1255,1966,5.899952396
1912.01,2.09,23.9,2032,1402,5.870375541
1912.03,2.31,23.9,715,852,6.038889347
1912.04,2.52,27,681,789,6.034363938
1913.01,2.63,36.7,449,1192,5.982614057
1913.02,2.49,31.7,551,839,5.950240236
1914.1,3.05,21.5,440,2576,5.85301727
1914.2,3.24,21.7,520,1731,5.813731798
1915,3.3,25.4,983,2549,5.766686165
1916.1,2.92,27.8,683,2312,5.868805672
1916.2,2.61,16.1,382,1697,5.863501218
1917.1,2.36,21.1,583,1628,5.867982602
1917.2,2.94,14.6,492,2219,5.808535402
1918.1,2.83,23.5,775,1598,5.847002529
1918.2,2.22,40.2,1151,849,5.828373187
1919.01,2.04,42.4,1904,951,5.879336053
1919.02,2.13,65,1773,431,6.038786323
1920.01,1.81,56.3,1552,238,5.939714622
1920.02,1.98,61.1,1808,255,5.858404835
1923,1.83,75.9,1574,340,5.978890974
1924.1,2.32,59.2,1432,926,5.890326716
1924.2,3.08,31.1,441,1423,5.961827379
1925.1,3.2,30.5,187,1569,5.795551954
1925.2,3.19,24.7,316,2801,5.705376554
1926.1,3.23,13.4,407,2686,5.800516108
1926.2,3.06,23.9,277,1715,5.889118374
1927,2.99,25,382,1905,5.807305507
1941.01,1.89,66.9,2168,305,6.004406076
1941.02,2.38,66.4,2728,139,5.727998935
1942,2.08,65.9,2554,199,5.943670032
1943,2.45,60.6,2594,427,5.906200235
1944.01,1.78,55.9,1631,371,5.895689904
1944.02,1.62,69.8,2386,230,5.950075904
1945,1.98,56.6,1383,64,6.054663466
1951,2.31,67.4,2729,557,6.074641765
1952.01,1.97,63.1,1596,458,5.802283357
1952.02,2.4,65.4,2148,282,5.819677834
1953,2.45,57.1,1628,1122,5.862814728
1954,1.99,66.1,2635,705,6.039490587
1955,2.22,47.2,1709,1653,5.834145171
1956,2.63,40.7,736,1532,5.904156764
1957.1,3.4,21.4,632,2671,5.901024312
1957.2,2.52,31.8,431,1206,5.825033653
1958.02,2.99,22.4,270,1308,5.902671617
1958.03,2.51,41.8,866,1092,6.095672561
1958.04,2.37,33.3,492,1141,6.086914203
1959.01,2.08,51.8,1048,797,6.034372668
1959.02,2.01,57.7,1067,464,6.010618303
1959.03,2.48,38.2,725,632,5.934422709
1972,3.23,18.1,284,1949,5.93498955
1973,2.24,38.4,1329,1534,5.890245612
1974.1,2.56,58.8,2019,1014,5.934018364
1974.2,2.48,36.5,775,1586,5.767584789
1975,2.47,41,971,1728,5.948862372
1976,2.47,36.7,520,784,5.95540886
1977,2.87,31.8,764,1164,5.752975016
1990,3.49,13.4,197,2908,5.91191342
1991.1,3.46,12,182,1709,5.78701675
1991.2,3.84,13.6,96,2491,5.964922609
1992.01,3.39,9.7,72,2027,5.876907843
1992.02,3.61,19,216,1868,5.762854185
1993,2.95,27.1,660,1829,5.901450409
1994,3.6,13,177,2519,5.798341473
1997,3.06,20,329,1762,5.880355541
1998,3.32,6.7,45,2436,5.917665679
1999,3.52,11.4,29,1524,6.058588798
2011.1,3.55,14.4,203,1626,5.677442973
2011.2,3.14,14.3,205,2604,5.716821471
2012,3.68,9.1,58,1835,5.492226869
2013.01,3.15,19.9,223,2168,5.69892142
2013.02,1.97,52.6,740,982,5.840837816
2014.01,3.81,18.7,249,3274,5.750474102
2014.02,3.38,14.7,373,2888,5.756318834
2015.01,3.49,10.5,353,3664,5.846250718
2015.03,3.71,9.1,137,2309,5.683624805
2015.04,3.57,14.3,120,1307,5.597109582
2016.01,3.58,13.6,117,1341,5.803296171
2016.02,3.67,13,198,1814,5.70734599
2017,3.38,23.2,796,3203,5.793011376
2031,3.83,4,38,3345,5.739024278
2032,3.77,7.1,39,3637,5.680704195
2033,2.82,14.7,70,1123,6.008934993
2035,3.27,15.5,153,1946,5.829987381
2036,3.66,8.3,49,3535,5.77915506
2037.1,4.05,9.4,18,2471,5.720773237
2037.2,4.09,3.1,31,3099,5.647357387
2038,4.55,6.5,97,3541,5.731052474
2039,4.42,8.1,58,2227,5.812224106
2041.1,4,2.8,6,2420,5.64197865
2041.2,3.93,7,26,2206,5.5815125
2042,3.86,5.4,93,2284,5.873161023
2043,3.78,7.8,108,3689,5.834981414
2044.1,3.39,5.4,4,1542,5.807329082
2044.2,3.1,4.5,86,1808,5.984094934
2046,,8.7,74,3332,5.800666083
2047,3.92,9.1,187,3596,5.600256594
2048.1,4.17,7,62,3565,5.68852409
2048.2,4.67,6,22,1843,5.809568417
2049.1,3.86,8.5,139,2183,5.792486081
2049.2,4.19,7,58,1950,5.77961223
2051.1,4.67,3.8,41,2510,5.726131922
2051.2,3.57,4.3,26,2367,5.860000053
2060.1,3,14.1,106,1241,5.898280103
2060.2,1.94,6.6,1607,2946,5.899871104
2060.31,1.76,66.5,1281,198,5.932400715
2060.32,3.12,12.6,262,2931,5.706539898
2060.5,2.82,15.4,160,1456,5.775950033
2062,1.43,30.1,406,670,6.113957508
2063,1.02,8.1,1170,1084,5.980248595
2071.01,2.11,36.6,643,417,5.920255638
2071.02,2.36,12.3,30,175,5.983794334
2071.03,2.74,12,125,142,5.985135735
2073.01,1.36,50.4,2036,863,6.029985923
2073.02,1.4,55.1,1724,630,5.940853706
2074,1.23,12.2,143,607,6.114082394
2075.01,1.54,75.9,811,226,5.926601187
2075.02,1.34,49.2,565,179,6.141268061
2077.1,1.46,61.4,1423,422,6.018772932
2079,1.71,73,1135,758,5.922410015
2080,3.08,27.9,433,3701,5.817041888
2083.01,4.11,6.6,31,1620,5.61039334
2083.02,3.02,15.9,233,2505,5.831334308
2084.01,3.02,15.1,75,2481,5.537042536
2084.02,3.47,22.5,99,1660,5.964046536
2085.01,3.05,28.9,90,945,5.941717077
2085.02,2.89,13.7,271,1803,5.664391683
2086.1,3.07,28.9,96,1345,5.976554157
2086.2,2.74,31.1,272,1703,5.849137604
2087.1,2.27,37.5,309,1055,5.80477844
2087.2,3.07,16.9,196,2694,5.980752394
2088.01,2.67,14.5,210,1593,6.017264453
2088.02,2.26,28.6,315,1400,5.836370825
2089.02,3.92,6.5,15,1910,5.665884096
2089.03,2.98,11.4,245,2563,5.638810875
2089.04,2.97,4.8,77,2193,5.707435006
2091.02,2.59,12.7,143,2917,5.945019881
2091.03,3.5,5.5,23,2641,5.665584599
2091.04,2.66,11.5,196,1424,5.85599233
2092,2.17,47.3,791,966,5.958707321
2093,2.29,16.9,526,2149,5.77549894
2094.01,2.68,11.2,200,2066,5.716938677
2094.02,3.1,6.7,124,2713,5.887406373
2094.03,2.55,14.9,253,1761,5.926059051
2095.1,2.8,17.3,117,1390,5.645952294
2095.2,2.81,9.9,38,1626,5.806190633
2098.1,3.22,11.6,243,1589,5.852890645
2098.2,3.75,8.8,16,1862,5.809942525
2110,2.77,70.2,2107,178,5.981464264
2111.2,2.1,37.8,541,1011,5.784774461
2111.21,2.51,36.8,280,775,6.260367063
2111.22,2.41,39.4,476,1063,5.999743474
2112.01,3.13,18.4,170,1922,5.732057437
2112.02,2.75,26.7,223,1336,5.730749427
2113.1,3.29,17.7,83,2318,5.682965802
2113.2,2.79,24.8,219,1697,5.86880343
2114.1,2.28,26.3,203,759,6.093345831
2114.2,2.52,33.2,372,1228,5.847166229
2115,2.6,47.8,1216,673,5.907677311
2117.01,2.65,64.2,651,89,5.92072897
2117.03,2.44,31.7,429,1813,5.717088829
2117.04,1.82,41.1,441,585,6.049256819
2118.02,1.93,39.5,493,1075,5.935340515
2118.03,2.33,39.2,205,507,5.797866082
2118.04,2.3,40.1,275,351,5.89239937
2119.1,2.88,16.9,296,2531,5.815920713
2119.21,2.2,42.2,110,711,5.878408568
2119.22,2.75,29.4,162,1593,5.706970059
2121.01,2.24,36,250,579,5.933304023
2121.02,1.91,31.7,300,647,5.925170117
2122.02,3.12,11.7,106,2307,5.735918996
2122.03,2.57,9,44,1832,5.661100327
2122.04,2.94,13.4,121,2127,5.721996985
2123.03,2.61,15.2,193,1660,5.936862513
2123.04,2.27,24.8,228,1022,5.809777624
2123.05,2.89,14.3,107,1762,5.891053131
2123.06,2.62,30,81,835,5.838964434
2124.1,2.51,28.1,350,1432,5.906481782
2124.2,2.68,18,69,1456,5.926127448
2125.01,2.18,37.1,365,804,6.041877097
2125.02,2.15,41.2,382,843,5.879730088
2126.1,2.14,38,375,726,5.882476768
2126.2,2.44,27.2,135,1750,5.903216872
2127.01,3.03,35.2,273,668,5.907290581
2127.02,2.48,56.6,734,227,6.063472495
2128,2.8,35.3,546,1667,5.832515873
2129,3.1,21.1,259,2401,5.655619605
2131,2.99,36.2,238,814,5.808780236
2132.01,3.04,27.5,133,1635,5.944958256
2132.02,3.03,15.9,85,1848,5.711128108
2133.1,3.43,11.8,19,2237,5.792101192
2133.2,2.24,17.9,61,1045,5.808335767
2134.01,3.16,13.2,52,3499,5.670253714
2134.02,3.1,16.4,122,2532,5.745792974
2140,2.85,53.1,2435,86,6.052389268
2141,2.44,57.3,2999,168,5.816033221
2144,1.78,64,1994,381,5.909777716
2145.01,1.85,66.3,1643,96,5.998873713
2145.02,2.02,74.4,2703,616,5.955037867
2145.03,2.14,64.4,1407,130,6.025980548
2146,1.99,61.6,1766,241,5.954339278
2147,1.98,65.6,1808,237,5.806089153
2148,2.08,63.9,2068,235,6.041822432
2149.01,1.38,70.7,2157,179,6.072663873
2149.02,1.79,67.9,1731,157,5.940024305
2151.01,1.59,68.2,1606,345,6.023416266
2151.02,1.57,62.4,1781,349,5.893262552
2161,2.66,68.9,1001,198,5.899172916
2162,1.78,67.1,1600,656,5.780790179
2163,2.12,67.6,2726,384,6.113940358
2164.01,2.21,65.1,3013,348,5.909940161
2164.02,2.16,60.7,2062,250,5.809540195
2167,2.32,44.9,1115,704,5.849663001
2168,2.22,68.1,1726,485,5.814803763
2169,1.98,51.6,1687,1213,5.923262105
2170.01,2.73,54.3,1706,73,5.975237205
2170.02,2.27,53.2,2746,661,5.889680485
2171,2.47,39.9,1244,1379,5.800013598
2172,2.53,47.4,769,1074,5.862969655
2181.1,2.9,23,100,1389,5.910077082
2181.2,3.45,16.9,112,2801,5.771621486
2182.1,3.4,9.3,244,2172,5.693763793
2182.2,2.89,24.2,373,1865,5.934593772
2183,2.72,19,482,2134,5.723313372
2184,2.91,17.7,144,2074,6.014968282
2185,2.72,15.6,80,1166,5.889867912
2186,3.07,18.7,91,1526,5.797353469
2187.01,2.87,31.3,122,656,5.896574249
2187.02,2.69,14.4,46,772,5.725760687
2188,3.01,13.6,101,1188,5.92470047
2189,2.83,20.6,402,2108,5.89521214
2190.1,3.4,11,117,1238,5.815704966
2190.2,3.09,11.2,99,1998,5.629797304
2193,3.03,13,98,1814,5.858131294
2195,2.49,34.9,56,376,5.781215755
2197,2.98,22.1,202,2278,5.850529993
2198,3.1,5.7,60,1642,5.773356736
2199.01,3.19,10.9,140,2570,5.723528968
2199.02,3.44,14,224,2282,5.91884498
2201,2.22,25.3,163,368,5.573287373
2211.1,3.35,7.5,136,2511,5.697234348
2211.2,3.65,7.2,35,2343,5.794788084
2212.1,3.44,13.7,151,1870,5.71250247
2212.2,3.69,11.2,30,2566,5.704294012
2213.02,4.01,8.5,377,3299,5.797147696
2213.03,3.32,17,196,1502,5.560706373
2213.04,3.25,16.9,110,1647,5.790050705
2214.01,2.31,19,229,747,5.967445984
2214.02,2.86,23.5,221,1242,5.744094751
2215,3.16,6,64,1938,5.82700504
2216.01,3.74,11.1,134,2101,5.725233246
2216.02,3.66,7.6,37,2135,5.59169016
2217.1,2.95,19.4,162,1468,5.765557266
2218.1,3.08,27.4,430,871,5.767454282
2218.2,3.05,68.3,844,326,5.803790362
2219,2.61,27.7,779,767,5.857094332
2220.01,3.43,23.5,225,1280,5.695436377
2220.02,3.81,11.4,104,2530,5.869821491
2221,3.08,14.3,91,1660,5.616862995
2222,3.39,10.8,196,2227,5.784923011
2225,3.95,6.7,64,2714,5.850928894
2226,3.37,20.4,381,2205,5.899087996
2227,3.94,50,1706,345,5.858700949
2240.1,1.79,16,270,959,5.902208119
2240.2,2.81,11,108,1647,5.796602593
2242,3.4,6.3,44,1762,5.806105631
2243.1,3.38,9.3,105,1303,5.890407192
2243.2,3.41,5,67,2320,5.865469517
2244.1,3.13,33.9,559,1431,5.736521538
2244.2,3.18,17.8,149,1593,5.862265286
2246,4.07,10,114,2120,5.683938028
2247,2.93,50.9,3163,927,5.854741234
2260.02,1.77,35,386,656,5.881505989
2264.1,4.37,1.7,9,2538,5.585976959
2264.2,4.25,7.1,41,3428,5.65509646
2270.2,5.04,2.8,20,2388,5.660901498
2281,5.66,1,6,3519,5.702268507
2282.1,3.9,5.4,5,2201,5.579434225
2282.2,4.57,2.9,40,2541,5.647907039
2283.1,4.55,3.3,6,3100,5.694069237
2283.2,4.34,1.1,8,1932,5.632558824
2284.1,4.51,3.5,60,2299,5.695471133
2284.2,4.69,6.9,19,2100,5.612853254
2286,4.81,4.4,96,3060,5.82472716
2287.1,4.16,3,12,2640,5.486379881
2287.2,4.48,2.7,17,2778,5.644653768
2288,4.7,3.4,16,3380,5.780264108
2291,5.08,2.3,33,3165,5.403908003
2292,3.65,1.3,1,2630,5.620803717
2293,4.65,3,16,3368,5.709705442
2294.1,4.51,1.8,64,2081,5.683083684
2294.2,4.57,5.3,30,2761,5.633488973
2311,3.8,6.7,174,1640,5.785771856
2312.2,3.74,6,143,2464,6.037601019
2313,3.24,5.7,58,2903,5.846663836
2314,3.44,4.7,16,2731,5.599596762
2315,3.35,11.5,13,1863,5.798615459
2316,3.52,13.3,227,3196,5.861146327
2317.1,3.7,7.9,37,2505,5.942818677
2317.2,3.58,6.5,93,3358,5.781529313
2318,3.84,2.5,16,3045,6.088121857
2319,4,5.7,104,3413,5.796637248
2321.1,3.69,5.3,11,1765,5.639717193
2321.2,4.19,4.8,26,3117,5.737211891
2322,3.19,4.6,22,1292,5.946211705
2323,4.15,8.9,55,2464,5.738013834
2324,3.65,7,64,2685,5.758065287
2325,3.51,10.5,9,2103,5.716293801
2326,3.47,6.1,21,3258,5.752320816
2327,3.97,5,38,3306,5.776315827
2328,4.34,5,42,2321,5.949519597
2340,2.86,22.8,75,1484,5.824288507
2342,2.02,29.3,85,71,5.764397637
2343,1.72,25.6,49,84,5.8673495
2345.01,2.52,14.4,43,618,5.833097671
2345.02,1.99,15,72,508,5.78783547
2346,3.03,15.5,137,1421,5.779335993
2347,2.47,5,17,1317,5.749020276
2348,2.9,15.3,48,1091,5.905322254
2349.02,2.52,6,45,1312,5.715543842
2351,2.7,25.3,142,595,5.78076234
2352.01,2.75,16.4,53,497,5.80567966
2352.02,2.26,16,87,1095,5.793050139
2360,2.07,40.9,582,589,5.587705587
2361,1.82,26.6,141,688,5.943586464
2362.02,2.28,11.6,46,2330,5.791881844
2362.03,2.5,12.5,37,807,5.775193559
2362.04,2.39,8.2,63,673,5.960475951
2364,2.22,42.7,163,295,5.874195214
2371.01,3.45,3.7,5,1988,5.763266546
2371.02,3.29,11.1,11,1479,5.77288258
2372.01,3.58,5.2,6,1932,5.755151876
2372.02,3.6,3.8,23,2359,5.888848309
2373,2.83,15.3,78,1353,5.71017115
2374.01,3.57,9.1,5,1971,5.879530634
2374.02,3.39,7.4,13,1516,6.079829132
2375,3.39,8,15,1657,5.67166494
2376,3.22,4,27,2027,5.654323591
2377.1,3.18,8.5,8,1629,5.694840445
2377.2,3.74,6.5,6,1587,5.714066183
2378,3.14,12.7,66,1088,5.717011761
2379,3.02,17.5,16,388,6.042350752
2380,2.74,20,55,892,5.920295093
2381,2.71,16.9,69,935,5.747089813
2382,2.54,15.6,77,535,5.50769008
2383.1,3.46,6,89,2442,5.931550919
2383.2,3.58,3.7,9,1638,5.6808779
2384,2.98,23.7,65,611,5.784440752
2392.01,4.28,4.2,9,2040,5.653827041
2392.02,4.79,6,18,2776,5.670059547
2393.1,4.29,6.9,93,2660,5.709075615
2393.2,4.5,6,23,2183,5.718812008
2395.01,4.18,4.6,49,2040,5.731946504
2395.02,4.1,5.1,4,1896,5.634588566
2396.01,4.49,6.4,24,2060,5.828958716
2396.02,4.31,10.4,25,2080,5.818821475
2397.01,4.68,2.6,5,2584,5.768842371
2397.02,3.51,3.5,14,1675,5.734971982
2398.01,4.18,2.6,4,2032,5.752532587
2402,3.96,4.7,45,2678,5.801104068
2403,3.38,6.1,75,2660,5.741125493
2404.02,3.4,6.2,1,1791,5.821925827
2405,4.28,4.8,17,3552,5.75629583
2406,4.28,5.8,9,2701,5.686234578
2407,3.68,5.1,118,2992,5.828496706
2408,4.65,6.9,82,2161,5.620674868
2409,4.38,6.4,17,3070,5.832624046
2410.01,4.02,8.4,18,1952,5.739987638
2410.02,4.36,3.5,3,1875,5.724196271
2411.1,4.08,4.4,4,1483,5.814448918
2411.2,4.44,10,48,2369,5.581928615
2412.02,3.49,4.4,38,2233,5.794446764
2413,3.29,11.8,30,872,5.768163186
2420,3.96,3.6,22,1718,5.744046818
2422,3.8,4.5,7,2888,5.796290837
2423,4.3,5.6,43,2594,5.848963133
2426,3.98,1.2,7,2109,5.595552763
2427,4.36,4.8,7,2386,5.760883141
2430,5.41,4.3,22,3703,5.800535928
2431,4.56,3.6,116,3229,5.370190448
2611.01,2.57,72.3,2735,123,6.131465758
2611.02,2.4,71.6,2755,204,5.970661574
2612,2.38,75.4,2715,229,5.848487834
2621,2.62,67.4,2129,119,5.930589156
2622,2.59,77.9,2823,212,5.867968256
2623.01,2.59,79.6,1647,275,5.851478197
2623.02,2.63,80.9,2024,197,6.015626922
2623.03,2.69,77.2,2173,136,5.997970754
2624,2.62,80,1996,143,5.939839971
2625.01,2.81,82.7,2682,127,6.083146131
2626.01,2.69,77.7,2377,169,5.966580066
2626.04,2.46,76.5,4581,30,5.965151345
2627.04,2.41,75.1,2414,216,5.979002796
2627.06,2.74,77.2,2434,230,5.915851021
2628.02,2.43,79.1,2409,189,5.997800202
2640,2.58,84.2,2451,141,5.812034057
2641.02,1.79,80,2072,143,5.903570115
2641.03,1.71,79,1766,191,6.015911194
2643.01,1.74,76.5,3678,273,5.956724372
2643.02,1.89,74.3,3878,354,6.042131188
2651,1.81,64.1,2024,47,5.894878176
2652.01,2.45,69,1698,139,5.821773995
2652.02,1.85,77.9,2368,115,6.03163129
2653.03,3.42,70.8,1779,979,5.928488067
2653.04,3.02,71.1,1597,575,5.867339631
2653.05,2.15,81.5,2113,388,5.995825189
2654.1,2.27,73,909,59,5.790496226
2654.2,2.78,79.9,1266,65,5.820632451
2655.1,1.8,84.2,2006,246,5.992336346
2655.2,1.95,76.5,2799,181,5.966037063
2656.01,2.1,64.3,1842,77,5.977690561
2656.02,1.96,67.2,2219,104,6.132479309
2657,2.09,71.9,3248,231,5.861397201
2671,2.31,68.9,3771,610,5.838476748
2672,2.01,64.6,3518,337,5.97286045
2673,2.04,66.9,2145,434,6.016333854
2674.02,1.75,69.7,2708,331,5.92452901
2674.03,1.74,74.8,1497,293,5.896371673
2674.04,2.03,74.3,1941,334,5.998732166
2675.01,2.58,56.7,2201,2095,5.888102488
2675.02,2.09,54.6,1583,583,5.955821986
2676,2.44,55.6,1170,642,5.941226783
2677,2,62.1,1181,689,6.077657696
2678,2.53,68.6,1589,194,6.183764351
2679.01,1.63,60.7,1592,16,6.008030997
2679.02,2.15,75.7,2176,107,6.142030342
2690,2.4,66.2,3541,238,5.944584171
2691,2.18,63.9,2733,238,5.906588855
2693,2.85,81.9,2585,130,6.385093412
2695,2.9,74.2,2479,73,5.890091506
2696.01,3.01,21.7,375,1412,5.935932599
2696.02,2.38,40.5,884,876,5.98984674
2697,2.29,46,1176,1115,5.802491717
2698,2.07,55.7,1466,477,5.74287345
2699.03,2.18,54.2,1385,937,5.942903839
2699.04,1.86,50.8,1544,728,6.078043085
2699.05,2.5,56.7,742,1178,6.043775475
2699.06,1.93,67.1,1087,404,6.078266831
2699.07,2.11,52.4,965,787,5.723528798
2701,1.86,53.3,1940,932,5.945976096
2702,2.98,24.6,780,1918,6.07190632
2703,2.6,35.7,393,767,5.9027071
2711,2.43,58,1098,365,5.838395748
2712,2.38,51.6,821,738,5.870770345
2713,2.25,53.9,2061,741,6.057630463
2714,2.72,59.7,2256,365,5.846962285
2715,2.2,61.4,1626,454,5.630623754
2716,2.42,79.8,1772,261,5.86239943
2717.01,2.09,62.5,2988,729,5.74665445
2717.02,2.41,75.8,1369,536,5.994728403
2718.01,2.16,55.8,1306,1106,5.943004469
2718.02,2.36,46.9,2492,1129,5.987303933
2719.01,2.63,53.1,1269,843,5.854253446
2719.02,2.25,54.7,2025,670,5.913294797
2721,2.57,59.8,2153,771,5.964220491
2722.01,2.15,44.4,882,905,5.969086533
2722.02,2.37,40.8,1610,980,5.952128598
2723.01,2.42,45,1129,1091,5.81413025
2723.02,2.31,31.3,1426,1820,5.866126264
2731,2.36,52.7,1406,328,5.485838976
2732,2.35,56.3,1639,939,5.943362759
2733,2.15,55.7,1782,776,5.847920004
2734.02,1.41,67.4,2131,178,6.083076813
2735.02,1.72,63.6,2101,221,6.099374716
2736,2.05,67.6,1577,267,5.962083039
2737,2.34,55.8,1513,516,6.003330584
2738,2.1,58.1,1787,464,5.902375788
2739.02,1.64,70.4,2718,410,6.035782216
2741,1.84,67.9,2571,384,5.843997798
2742.02,1.8,63.1,3106,284,6.029965019
2751.01,2.61,43,440,280,5.822991586
2751.02,3.01,28.9,948,1917,5.854532998
2752,2.57,37,976,1879,5.963870705
2753.02,1.96,63.8,2951,456,5.915963136
2753.11,2.49,47.8,2030,1210,6.026620007
2754,1.92,64.2,1473,616,5.878008921
2755,3.14,28.3,655,2794,5.882912814
2756.02,2.13,76.8,2904,922,5.981154962
2756.03,2.52,39.4,1054,879,5.708003686
2760,2.48,59.9,2798,964,5.919594464
2761,2.03,53.3,1208,522,5.813819103
2764,2.68,65.4,2437,347,5.692636677
2765,2.52,53.4,2861,848,5.906272015
2766.01,2.47,64.4,2073,405,5.885805428
2766.03,1.61,65.3,3009,843,5.953336223
2766.04,1.78,49.1,2072,273,6.061376026
2770,2.54,64,3154,575,5.819797788
2771,2.98,44.6,1329,757,5.779090772
2772,2.52,33.2,455,779,5.967476244
2774,2.52,23.4,74,406,6.043515436
2780.01,2.69,46.1,1322,438,5.938811504
2781.02,2.11,62.6,2181,307,5.956213086
2911.1,2.98,11.8,7,1061,5.933891578
2911.2,,7.6,6,1222,5.757843236
2911.3,3.56,17,125,1819,5.794207117
2912.1,4,21.4,179,2552,5.710821135
2912.2,3.62,18.8,137,1843,5.70658262
2913,2.5,27.6,462,419,5.705487219
2920,3.72,16.7,711,2502,5.918631115
2932.01,3.11,28.8,809,2270,6.039193486
2932.02,3.66,17.4,375,2644,5.723574121
2933.01,2.71,35.3,986,400,5.850741641
2933.02,3.34,27.3,971,1953,5.769270853
2933.04,3.04,14.4,610,2067,5.752020293
2933.06,3.02,25.8,694,812,5.875757663
2933.07,3.05,18,211,1264,5.719722762
2941.1,4.25,8.5,333,2754,5.691771976
2941.2,4.34,4.5,78,1563,5.636605606
2942,4.15,6.3,378,3593,5.712288254
2943.01,3.96,7.3,198,1718,5.686529885
2943.02,4.18,4.4,142,3218,5.700560228
2944.1,3.11,27.7,755,1360,5.547749485
2944.21,3.18,13.2,150,1685,5.769226587
2945.1,4.54,8.2,260,3170,5.791007511
2945.2,3.94,7.8,94,2549,5.576788568
2946.1,3.68,6.8,38,3037,5.671184628
2946.2,3.95,8.6,191,3212,5.814555958
2947.01,3.77,2.8,76,2054,5.77353997
2948.1,4.5,2.9,59,2961,5.883261381
2948.2,4.41,,51,2544,5.854494583
2948.3,3.85,5.6,35,2585,5.786578728
2949,4.34,7.2,151,2279,5.623267096
2951.03,2.42,38.4,2530,920,5.839633452
2962.1,3,11.9,233,1479,5.54395931
2962.2,2.89,18,559,2110,5.797109351
2963,2.46,35.1,1689,1216,5.855300418
2964.01,2.65,35.8,1753,479,5.866846054
2964.02,2.68,22.1,1020,1059,5.740111233
2965,3.13,10.1,387,2235,5.735372855
2966,2.61,6.8,787,2719,5.757660929
2969.01,2.9,17.7,535,2155,5.754337293
2969.02,2.46,22.2,1194,1662,5.809979006
2970,2.37,33,2591,1294,5.753527541
2971.1,3.03,8.9,696,2382,5.830171998
2971.2,3.39,9.6,570,2106,5.68025281
2972.01,2.74,12.9,831,1562,5.728830172
2972.02,2.76,28.8,1551,1052,5.749423133
2973,2.95,34,1010,424,5.799407911
2974,2.44,47.4,2212,672,5.743622319
2975,2.42,36.3,2534,1016,5.865816877
2976.01,2.18,34,1332,441,5.851667141
2976.02,2.26,40.3,1946,1025,5.758507461
3010,2.5,46.5,2323,767,5.78984932
3011,2.55,45,3982,648,5.785102225
3012.03,2.4,48.9,2732,361,5.740388333
3012.04,2.5,34.2,3189,705,5.816954421
3012.05,3.06,54,1177,291,6.012393865
3012.06,2.81,37,3247,321,5.804531754
3013,2.89,59.8,1289,105,6.025805973
3014,2.99,52.7,2768,42,5.753644333
3015.01,3.09,34.1,1365,166,5.657631835
3015.02,2.84,30.1,4489,734,5.697523217
3016.01,2.77,18.9,3859,1012,5.897766589
3016.02,2.56,29.4,1333,1431,5.876702888
3017.01,2.71,30.4,1370,754,5.806011867
3017.02,3.04,29.4,3262,812,5.829539827
3018.01,2.57,31.9,1917,866,5.850452331
3018.02,2.76,27.7,1834,283,5.860537349
3019,2.5,42.7,4732,911,5.897812579
3020.02,2.36,37.3,2407,514,5.819766922
3020.03,2.7,34.1,2688,316,5.811062721
3020.04,2.75,33.5,2523,735,5.761786464
3021.02,2.27,36.3,3248,908,5.857737068
3021.03,2.98,26.7,2993,980,5.80794498
3021.04,2.76,36.1,1444,763,5.702892339
3022.01,2.43,21.9,2591,382,5.901050334
3022.02,2.69,29.8,3014,855,5.659797767
3023.01,2.92,30.3,1926,632,5.803539338
3023.02,2.9,25.2,1440,1848,5.821253401
3024.01,2.7,22.3,2565,1523,5.88002441
3025.03,3.11,24.6,2547,687,5.897294974
3025.04,3.01,22.1,1977,1040,5.869708095
3025.05,2.98,22.4,1386,1526,6.032814992
3025.06,2.5,32.5,1603,762,5.832187211
3101,3.05,48.6,3567,472,5.874157372
3102.01,2.8,40.3,3106,975,5.779963639
3102.02,2.83,45.4,2904,626,5.898771521
3103,2.87,41.2,1755,211,5.747203062
3104,2.51,42.2,1794,436,5.972469879
3105.01,2.71,30.9,962,1436,5.836175915
3106.01,2.72,36.4,1994,1855,5.776563369
3106.02,2.39,44,1096,493,5.826781816
3107.01,2.15,30.4,1647,362,5.815210199
3107.02,2.12,37.7,4231,1024,5.89661036
3107.03,2.63,29.6,3026,591,5.818536963
3108,2.69,38.1,2618,1267,5.879628773
3109,2.64,33.5,2533,1883,5.857083835
3110,2.79,36,1570,1176,5.811337575
3111,3.16,32.6,1444,1234,5.775793851
3112,2.64,35.5,1576,694,5.907783457
3113,2.56,37.1,1794,779,5.87109358
3114,2.32,42.2,1322,256,5.850622496
3115,2.27,41.2,3008,939,5.891244045
3116,1.91,46.7,3671,1081,5.875689232
3117,2.27,39.7,3281,828,5.88941375
3118.01,2.46,33.5,994,1048,5.927692395
3118.02,2.76,26.4,823,1549,5.780002289
3201,4.49,14.6,368,5701,5.76748829
3202.01,3.58,14.4,197,2396,5.78242883
3202.02,3.85,11.7,407,4012,5.828792445
3203,3.71,7.8,143,4870,5.806275021
4010.01,3.07,47.8,1795,466,5.932286905
4010.02,2.44,37.8,2115,725,5.852534278
4011.01,2.68,27.2,3039,992,5.820511046
4011.02,2.64,23.1,1345,725,5.768178191
4012.01,3.11,41.1,1554,640,5.859880793
4012.02,3.44,22.2,1843,1458,5.806902312
4012.03,3.19,31,2065,1824,5.734427466
4013.03,2.96,45.3,924,569,5.851692551
4013.04,2.82,44.4,2644,1244,5.825010596
4013.11,2.72,28.4,2478,1889,5.902699013
4013.12,2.66,30.3,2449,1727,5.813754068
4015,3.01,32.9,2174,1936,5.825514477
4016.01,2.5,32.6,2448,1387,5.904686202
4016.02,3.12,29.5,2190,1812,5.939228889
4016.03,2.03,37.7,1631,529,5.934868909
4017.01,2.47,36.5,2425,675,5.852458872
4017.03,3.06,30.6,1232,1388,5.968664956
4017.04,2.94,30.4,1210,2447,5.821148074
4018,2.78,58.8,4191,1330,5.834324061
4019.01,2.51,45.2,1861,761,5.895452648
4019.02,2.09,71.4,2993,700,5.982513524
4020.01,2.96,33.3,834,916,5.760804623
4020.02,2.76,41.7,1735,1114,5.91444033
4021.01,4.36,16.9,148,2947,5.948823167
4021.02,3.82,14.2,672,2581,5.654131867
4022,3.09,26.8,1130,3319,5.950427059
4023.01,4.24,14,550,3167,5.69186567
4023.03,3.83,11.4,546,2499,5.76214336
4023.04,4.19,3.2,211,2654,5.727170822
4024.02,3.25,27.7,711,3121,5.823840236
4024.03,3.96,18,1088,2364,5.830849594
4024.05,4.67,9.3,10,1872,5.813373125
4024.06,4.03,16.3,130,2937,5.883091578
4025.01,4.33,5.1,216,3295,5.737307455
4025.02,4,6.5,379,4139,5.865051866
4026,2.78,23.6,1502,3550,5.798010584
4027.02,4.17,6.8,290,3524,5.88047076
4027.03,3.7,15.2,531,2303,5.774634261
4027.05,4.03,12,692,1847,5.935713639
4027.06,4.16,11,266,2399,5.834665286
4028.01,4.38,1.8,164,3364,5.74122548
4028.03,4.66,7.4,96,1981,5.818832549
4028.04,4.34,8.5,121,2308,5.717015885
4029.02,4.3,12,323,3880,5.759922564
4029.03,4.58,9.1,149,2627,5.861334672
4029.04,4.31,5.9,302,2407,5.801951165
4030,4.66,16.7,665,4026,5.715336998
4033.03,3.67,31.1,433,755,5.790151812
4033.04,3.08,57.6,707,740,5.779637809
4033.05,3.11,51.8,224,163,5.753335349
4033.12,3.26,36.6,950,1378,5.826584003
4033.16,2.99,47.3,1614,1043,5.782583738
4033.17,3.1,43.5,819,1053,5.796069883
4033.18,3.13,39.4,1481,1273,5.856681935
4033.19,2.81,47.9,780,767,5.893565784
4033.2,3.15,54.1,755,759,5.906023811
4033.21,3.3,46.6,1202,1083,5.763729116
4033.22,3.17,54.6,894,538,5.759028552
4033.23,3.16,54.4,1084,444,5.83578639
4033.24,3.31,60.5,1089,619,5.884235694
4033.25,3.26,54.4,1322,717,5.794774367
4034.01,3.54,48.6,587,1309,5.863240707
4034.02,3.51,47.1,539,674,5.83738436
4034.03,3.39,61.4,377,572,5.88543284
4034.04,3.48,55.9,342,229,5.710107565
4034.05,3.49,57.1,252,176,5.78837247
4034.06,3.46,37.8,480,477,5.825598266
4034.07,3.23,63.6,239,264,5.862485567
4034.08,3.29,51.2,454,937,5.921174879
4035,3.15,35.6,534,457,5.869248945
4036,3.23,28.4,1861,2660,5.810215617
4037.02,3.43,35.4,1245,1476,5.79156227
4037.03,3.25,27.4,1453,1834,5.839325781
4037.21,3.1,24.4,1465,1795,5.793213945
4037.22,3.54,19.6,849,2683,5.752944453
4038.01,3.24,24.8,1531,2384,5.80131741
4038.02,3.04,19.7,1473,2412,5.802578925
4039.01,3.69,20.7,1067,1292,5.963020888
4039.02,3.12,14.6,1888,1630,5.814182057
4040,3.58,18.2,974,2307,5.95190335
4041,4.69,11.2,583,3877,5.818293853
4042.01,3.81,13.9,467,1906,5.777672229
4042.02,3.9,16.3,1020,1693,5.921769529
4043.01,4.14,11.7,287,3943,5.820571632
4043.02,3.51,8.6,243,1103,5.791806841
4044.01,4.08,8.7,301,2399,5.85233635
4044.02,4.06,8.4,480,2660,5.769232238
4045.01,4.18,9.3,208,1586,5.857387006
4045.03,4.4,12.5,296,1692,5.781091014
4045.04,3.85,11.7,206,3344,5.887748222
4046,3.99,7.6,51,1029,5.878691397
4047.01,4.36,14.3,119,3556,5.802414358
4047.02,4.88,11,106,3357,5.770674648
4047.03,4.53,8.4,77,2204,5.781232838
4048.01,4.17,14.1,286,4617,5.981437231
4048.02,4.18,6.7,150,2412,5.808327359
4048.03,3.71,10.4,108,1097,5.846371504
4049.01,4.43,13,116,3174,5.794588465
4049.02,4.69,12.4,180,2395,5.855233479
4049.03,4.29,16.8,137,1738,5.825423859
4050.01,4.69,4.7,193,4431,5.547009714
4050.02,4.93,8.8,91,2310,5.704896742
4051.01,4.05,9.5,380,2922,5.814411539
4051.02,3.28,14.1,334,2139,5.865568741
4052.01,4.1,11.9,146,3083,5.847912622
4052.02,4.32,10.2,90,3088,5.790309634
4052.03,4.57,11.9,264,2085,5.790966094
4053.01,3.46,,416,1630,5.925681012
4053.02,4.01,12.9,624,3296,5.869273118
4054,4.15,13,973,3282,5.768847537
4055,3.56,,925,3165,5.754990473
4056,3.52,24.1,792,2918,5.765220418
4057.01,3.52,24.5,472,1975,5.823200172
4057.02,3.35,26.8,647,2400,5.80730797
4058,3.63,14.1,985,3104,5.835987411
4059,3.3,22.3,635,1763,5.663942869
4060,3.34,19.2,1220,2570,5.746868405
4061.01,3.01,23.5,759,1641,5.953598041
4061.02,2.61,21.3,1313,2226,5.865747266
4062,3.11,19.3,868,2443,5.819505788
4063,3.26,43.3,1068,1860,5.752111196
4064.02,3.73,26.9,582,1011,5.772953994
4064.11,3.83,20.6,341,942,5.826921798
4064.12,3.27,26.4,572,1096,5.625768734
4065,3.21,29.9,1028,2839,5.69814375
4066.01,3.8,25,809,2469,5.687898488
4066.02,4.46,14.5,655,2920,5.76935802
4067.01,3.76,24.8,408,1588,5.868113056
4067.02,3.68,20.3,900,2674,5.758366025
4068,3.55,21,591,1964,5.727236622
4069.01,3.99,11.8,179,3095,5.93015439
4069.02,4.21,12.6,261,2475,5.799482481
4070.01,5.07,8.3,259,3963,5.730380666
4070.02,5.03,11.8,52,2533,5.816116505
4071.01,4.39,10.2,136,2922,5.744146779
4071.02,4.56,9,92,3751,5.970575315
4072,4.81,3.7,340,5006,5.731850323
4073.01,4.33,7.9,343,3276,5.727123738
4073.02,5.17,6.8,217,2486,5.675468306
4074,3.72,21.9,126,978,5.882412957
4075.01,4.57,8.3,200,2714,5.756599876
4075.02,4.8,8.7,220,2641,5.799425341
4076.01,4.24,8.7,46,2830,5.740264382
4076.02,4.48,10.3,125,2525,5.811714308
4077.01,4.76,5.5,63,3117,5.629334721
4077.02,4.34,17,310,3951,5.870247947
4078.01,4.73,11.8,441,3167,5.856767865
4078.02,4.83,13.8,246,2534,5.866532109
4079,4.37,19.3,404,3210,5.715360436
4080.03,4.03,29.9,533,2256,5.799455078
4080.04,2.72,33.8,344,734,5.877944134
4080.05,3.17,37.2,692,1472,5.914301514
4080.06,3.58,37.4,131,1222,5.735450932
4081.33,3.68,30.6,261,2332,5.785577317
4081.34,3.32,37.9,161,692,5.751034753
4081.35,3.27,38.9,216,850,5.812688441
4081.36,3.44,20.6,366,1614,5.776295736
4081.37,3.36,26.8,456,1392,5.770019102
4081.38,5.14,5.5,324,4094,5.720323284
4081.39,5.71,4.8,108,3273,5.841484383
4081.4,5.02,6.1,86,2504,5.635404421
4081.41,5.08,7.6,137,3498,5.804182926
4082.02,4.25,14.2,190,1233,5.814935878
4082.11,3.37,24.7,579,1678,5.831861675
4082.12,3.82,31.2,749,1253,5.874029502
4083.01,4.58,7.7,298,3591,5.686653451
4083.02,3.63,20,234,2750,5.715391046
4083.03,3.73,20.2,404,2941,5.813136276
4084.01,3.71,24.5,553,2143,5.858001726
4084.02,3.11,33.6,874,2165,5.811289666
4085.01,4,12.1,225,1708,5.812967877
4085.03,3.32,42.2,1234,1770,5.785763766
4085.04,3.33,35.6,447,2236,5.846158428
4085.05,3.56,34.4,615,1030,5.78079962
4086.23,3.26,32.4,466,787,5.807567396
4086.24,3.24,36.8,392,820,5.663052459
4086.25,3.4,42.9,510,1258,5.906649025
4086.26,3.15,53.8,248,891,5.912166287
4086.27,3.24,41.5,420,547,5.864692069
4086.28,3.05,53.2,373,683,5.866896417
4086.29,3.01,50.7,532,435,5.908042007
4086.3,4.99,17.4,92,1429,5.784923986
4086.31,3.96,25.5,311,2425,5.84810458
4087.03,3.46,55.2,669,359,5.787213076
4087.04,3.13,22.8,220,774,5.716480146
4087.05,3.43,38,592,1032,5.809839807
4087.06,3.86,62.7,296,183,5.407770876
4087.22,3.64,32,550,1493,5.55880622
4087.23,3.57,24.5,383,619,5.840321415
4087.24,3.65,13.3,286,2753,6.014987198
4088,2.96,25.4,594,1824,5.777110772
4301.01,2.76,18.1,1436,1772,5.824535658
4301.02,4.21,13.8,474,2995,5.837252272
4302,2.34,54.4,595,132,6.027106403
4303.01,2.79,56.7,2652,593,5.87823805
4303.02,2.61,46.6,3071,1205,5.889505453
4304,3.11,59.5,1314,404,5.886776119
4305.01,2.67,70.8,2391,363,5.866159588
4305.02,2.32,59.7,4060,767,5.863982679
4306,3.05,54.9,1330,544,5.708145375
4307.01,2.6,56.1,1377,494,6.021326351
4307.21,2.71,50.5,958,330,5.902173855
4307.23,2.76,52.5,822,353,5.734650888
4307.24,2.56,49,814,548,5.810131983
4308.01,2.95,47.9,900,926,5.80546512
4308.02,3.12,58.3,935,107,5.827288384
4308.03,2.94,53,1266,666,5.700135233
4309.01,2.8,29.6,936,1518,5.849173402
4309.02,2.81,33,1239,1253,5.897427154
4310.01,2.82,28.1,2222,2553,5.813403903
4310.02,2.68,40,1186,774,5.914823422
4311,3.41,21.9,1279,2894,5.813460169
4312,3.96,12.1,554,3606,5.722983204
4313,3.18,34.4,997,648,5.685664751
4314,2.95,36.9,707,1203,5.807476086
4315.01,2.64,27.9,865,1162,5.747638775
4315.02,3.16,29.2,1005,1007,5.850572086
4316,3.16,51.9,835,243,5.860741314
4317,3.32,49.3,1415,178,5.763749962
4318,2.99,44.5,1047,1031,5.774618153
4319,2.99,36.6,634,775,5.942305524
4320,2.88,40.7,1659,1325,5.917809242
4321.01,3.23,32.2,803,812,5.799246663
4321.02,3.22,37.5,1042,707,5.70205234
4322.01,3.21,21.6,425,580,5.674609315
4322.02,3.63,23.4,343,1095,5.862755619
4323,3.52,17,231,1666,5.849819069
4324.01,3.72,13.3,237,1615,5.683823157
4324.02,3.6,7.7,492,3212,5.810337027
4325,3.41,14,889,3205,5.692153419
4326.01,3.7,12.8,326,3018,5.676505753
4326.02,3.94,19.6,128,1748,5.754130169
4327,3.88,9.4,234,3256,5.80380914
4328.01,3.1,6.8,94,1436,5.874265064
4328.02,3.46,10.1,35,2581,5.80580602
4329.01,3.78,17.7,228,979,5.82243905
4329.02,3.87,19.7,206,1190,5.790283509
4331.01,3.83,13.1,153,834,5.848232486
4331.02,3.82,13.5,36,2157,5.722424227
4332,3.85,13.9,354,3459,5.799024414
4333.02,4.07,4.1,52,993,5.695862392
4333.04,3.29,14.4,127,2249,5.781133467
4333.05,4.01,11.2,59,2642,5.743250504
4333.06,3.67,16.2,90,1225,5.833255156
4333.07,3.52,19.8,141,1644,5.656922068
4334.01,4.32,9.3,98,1702,5.686433333
4334.02,3.52,16.4,155,1706,5.743286753
4334.03,3.67,5.6,66,3000,5.8517467
4335.01,3.53,1.9,29,1304,5.849556643
4335.03,3.87,4.3,70,1784,5.812081299
4335.04,4.1,6.2,108,2805,5.859843888
4336.01,3.63,13.7,174,1229,5.857255465
4336.02,3.46,16.2,97,633,5.813147278
4337,4.02,7.1,147,2499,5.729502195
4338.01,4.36,7.3,80,4294,5.78045139
4338.02,3.54,11.2,281,2016,5.854513227
4339.01,3.94,11.5,119,2570,5.733456248
4339.02,3.85,1.7,196,2360,5.682969553
4340.01,4.59,6.8,155,3409,5.754704342
4340.03,4,10,159,2851,5.968732613
4340.04,4.47,10.9,37,2099,5.7924604
4601,2.45,65.2,3247,582,5.874914233
4602,2.57,,2042,747,5.856045967
4603.01,2.67,48.6,1207,717,6.056517857
4603.02,3.25,30.8,747,1373,6.08562444
4604.01,3.04,38.7,241,115,6.005564475
4605.01,3.04,76.4,2964,232,5.950609252
4605.02,3.19,73.1,2185,311,5.81096465
4606,3.15,78.6,2507,230,5.879118787
4607,3.25,75.3,2791,263,5.972687624
4608,2.53,80.5,1920,222,5.965948252
4609,3.43,24.4,509,2909,5.821263432
4610,3.81,17.6,424,3117,5.625420486
4611,3.17,36.1,1294,1399,5.88056954
4612,2.66,64.2,2494,526,5.936676802
4613,2.66,49.8,3804,933,5.828422984
4614,2.43,44.5,1554,605,5.972883683
4615.01,3.26,37.6,1072,1610,5.774912167
4615.02,3.73,15.6,1008,3115,5.715839525
4616,3.6,22.3,561,2528,5.924705643
4617,2.2,68.3,715,259,5.983994406
4619.01,3.25,25,685,2716,5.776302538
4619.02,1.48,62,647,296,5.841692629
4620.01,3.47,19.8,268,2044,5.843888803
4620.02,3.66,9.4,400,2401,5.670811831
4621,3.22,35.7,947,2357,5.927740069
4622.01,1.94,36.3,1158,1134,5.737789023
4622.02,2.01,70.6,1376,130,5.87863106
4623.01,2.49,26.6,1257,1728,5.807967688
4623.02,1.95,61.4,710,566,5.908835592
4624,2.67,45.1,1957,1229,5.970470731
4625,2.72,60,3244,648,5.811852827
4626,2.66,58.5,1207,287,5.794122378
4627,2.47,42.2,1291,1941,6.013359645
4628,2.31,46.4,945,513,5.898863811
4629,2.79,50.6,1496,785,5.85166793
4630,2.4,62.3,999,306,5.922669014
4631.01,2.8,41.1,654,751,6.007304332
4631.02,3.15,44.7,922,860,5.921189317
4632,2.36,49.7,1433,718,5.735991553
4633,2.27,72.1,993,256,5.884325469
4634,2.24,61.7,2075,991,5.727792092
4635,2.08,78.3,2512,698,5.903674406
4636.01,1.72,77.3,2296,889,5.897518226
4636.02,1.6,71.2,2366,600,5.874377886
4637,1.89,65.6,1335,459,5.910798992
4638,2.45,77.5,1975,441,5.959408054
4639,1.93,68.8,1761,492,5.868365578
4640,2.41,71.7,2892,704,5.868042292
4641,3.04,69,2419,668,6.059280953
4642,2.77,73.7,1488,212,5.959838539
4801.01,3.49,36.3,651,745,5.751644933
4801.02,3.15,35.4,670,808,5.813582204
4802.01,2.99,53.5,1127,916,5.878310684
4802.02,2.87,57.7,583,559,5.962909419
4803.02,2.64,44.9,876,975,5.792593896
4803.03,2.79,31,184,1247,5.76349879
4803.04,2.26,30.2,328,970,5.830600838
4804,2.38,56.1,1169,1494,5.903773968
4805,2.5,71.2,2078,720,5.938479153
4806,2.32,56,3196,1259,6.051080378
4807.02,2.67,55.9,1316,810,5.819134018
4807.03,2.71,53.3,1285,401,5.853368294
4807.04,2.61,58.1,1465,908,5.856420324
4808.02,3.49,26.1,237,1141,5.757658896
4808.03,3.29,31.2,612,1752,5.815037269
4808.04,2.74,35.3,505,1842,5.879000499
4809.01,3.06,31.5,251,1452,5.807586249
4809.02,2.96,22.3,208,1317,5.824396991
4809.03,3.13,24.2,117,890,5.722543501
4810.01,2.81,34,461,1044,5.856610912
4810.02,2.84,35,89,2109,5.839611784
4811.01,2.64,32.5,336,1384,5.853887955
4811.02,2.8,35.8,401,563,5.887390897
4811.03,3.38,22.9,233,1621,5.923357853
4812.01,3.09,31.6,502,528,5.785713695
4812.02,3.27,30.9,616,1565,5.706546274
4813,3.83,17.8,95,769,6.008212594
4814.01,3.39,28.7,284,794,5.970393782
4814.02,3.45,22.8,519,1139,5.766722691
4815,2.91,37.3,354,780,5.798664058
4816.03,3.03,27.9,195,699,5.873214453
4816.04,3.1,30.6,359,901,5.870107911
4816.05,3.01,23.9,251,662,5.734190228
4816.06,3.21,25.1,256,919,5.673267746
4817.11,3.18,22.6,102,174,5.82653488
4817.12,3.28,25.4,19,781,5.815623337
4817.13,3.33,29,71,280,5.746298987
4817.14,2.92,20.1,60,171,6.118622067
4818,3.16,33.5,313,612,5.920393609
4819.01,2.95,35.8,855,2086,5.830212581
4819.02,2.81,26.2,214,1435,5.73212944
4820.01,2.65,54,256,229,5.63848466
4820.02,3.21,40.3,256,1868,5.771431525
4821.01,3.42,28.8,111,1175,5.828687868
4821.02,3.19,37.1,285,836,5.995788133
4822.01,3.08,31.5,95,857,5.83685002
4822.02,3.23,29.9,91,832,6.179626696
4823.01,3.88,13.8,558,1027,5.824798637
4823.03,4.02,14.7,154,1703,5.687799317
4823.04,3.77,12.3,106,1391,5.710276208
4824.01,4.17,11,31,1324,5.807463604
4824.02,3.23,23.7,339,2178,5.816952531
4825.02,3.8,7.9,35,597,5.69674504
4825.03,3.97,8.8,31,930,5.71949359
4825.21,3.74,20.9,337,1854,5.819607374
4825.22,3.07,32.7,719,1346,5.813452491
4826,2.93,33.9,331,1513,5.721327994
4827.01,3.69,22.4,163,2495,5.837016212
4827.02,3.08,24.2,178,978,5.768719306
4828,3.46,22.9,153,1702,5.928972367
5010.01,4.69,9.3,98,2502,5.881729347
5010.02,3.48,21.8,593,3230,5.771706978
5012,3.5,21.1,806,2937,5.716448063
5013,3.01,26.4,1265,4481,5.858120687
5014,3.45,16.7,381,2635,5.734595042
5015.01,2.73,40.9,908,801,5.990289039
5015.03,2.63,29.9,916,2529,5.80505492
5015.04,2.38,16.9,584,2146,5.835272791
5016,3.05,32.2,2724,3148,5.854085804
5017,3.1,27.9,1177,1722,5.789831049
5018.02,2.83,26.3,687,2213,5.629260881
5018.03,3.23,7.6,327,3061,5.843159527
5018.04,2.82,16.4,277,1183,5.830871547
5019,3.15,17.9,960,2257,5.833974161
5020.03,3.65,12.9,230,1771,5.798339473
5020.04,4.16,10.9,263,2647,5.855289872
5020.05,3.97,14.1,811,2665,5.778534308
5021,3.21,11.5,767,3597,5.784690255
5022,3.56,11.8,635,4542,5.814381891
5023.01,4.66,10,200,4562,5.824375899
5023.02,4.41,8.9,132,2316,5.742889903
5024.01,3.93,8.9,265,3588,5.844683799
5024.02,3.89,11.7,161,2603,5.941990287
5025,3.67,4.6,259,2838,5.816312124
5026.01,4.02,10.3,379,5481,5.734037462
5026.02,3.41,9.6,317,3164,5.808929289
5027,3.53,13.6,446,4285,5.712337784
5028.01,3.93,15,737,4156,5.769353675
5028.02,2.22,16,276,1120,5.779133556
5029.01,3.95,15.6,959,3171,5.754432572
5029.02,4.56,8,311,2979,5.766357383
5030,4.6,9.2,178,3977,5.779011001
5031.03,4.81,13.3,470,3291,5.755748437
5031.04,4.39,8.9,301,1540,5.889548785
5031.05,4.02,14.1,565,2354,5.791352745
5031.06,3.33,9.9,658,1912,5.73472577
5032.01,3.75,21.4,1025,2014,5.675177092
5032.02,3.73,13.1,684,2761,5.933484053
5033.01,2.96,20.2,895,1476,5.811165318
5033.02,3.6,14.8,966,3799,5.790390642
5034.01,3.01,22.4,2230,2981,5.810811209
5034.02,3.15,30.8,1283,1950,5.817483613
5035.01,3.36,24.2,1243,3607,5.783305308
5035.02,3.33,15.6,1086,2012,5.809181626
5036.01,3.39,25.9,1516,1656,5.894257834
5036.02,3.14,42.8,1520,1129,5.808094054
5037.01,3.07,20.8,1714,2134,5.811899316
5037.02,3.18,14.1,1889,2181,5.812851718
5037.03,2.68,44.1,1948,1334,5.878780624
5038.01,3.45,23.7,1276,1303,5.755509425
5038.02,3.19,31.3,1346,1686,5.88194199
5039.01,3.56,21.8,765,1043,6.163718422
5039.02,3.28,24,1323,1583,5.891836348
5040.01,3.25,32,2731,1511,5.871538506
5040.02,3.38,30.4,1926,1503,5.776924469
5041.01,3.74,10.1,823,2808,5.773422313
5301.01,3.01,11.8,436,3767,5.781557853
5301.02,2.91,11.9,853,3303,5.668370057
5302.02,3.57,17.1,199,3361,5.953098332
5302.03,2.93,13.4,215,1733,5.71673209
5302.04,3.41,18,110,2493,5.755485135
5303.01,3.96,8.2,85,1771,5.733651325
5303.02,3.66,12.5,108,5236,5.699569234
5304,3.23,17.8,39,2178,5.812204537
5305,3.5,9.9,22,3273,5.700853055
5306.01,4.29,8.2,35,2688,5.934134357
5306.02,3.65,8.1,15,1085,5.758343353
5307,4.16,7.5,9,1752,5.759958469
5308.01,3.82,11.1,184,4040,5.548774554
5308.02,4.02,7.3,16,2576,5.8434256
5309.01,4.16,4.5,19,2968,5.731595238
5309.02,3.83,2.9,24,3009,5.823011331
5310,4.07,5.2,48,3967,5.800634982
5311.01,3.66,5.6,29,3379,5.791132625
5311.02,3.7,7.4,70,2522,5.834308
5312.02,3.78,3,50,3240,5.779182847
5313.01,4.21,5.5,47,4068,5.781415408
5313.02,4.5,4.5,81,4876,5.733870549
5315.02,4.46,3.1,8,2526,5.761154024
5315.03,4.16,3.6,24,2222,5.781670502
5315.04,4.09,,56,3259,5.859057456
5316.02,4.2,4.2,80,3680,5.781639746
5316.03,3.98,7.6,76,2489,5.768581495
5316.04,4.32,,51,2987,5.667246708
5317.01,4.19,4,66,4176,5.810137178
5317.02,3.75,4.8,58,3725,5.774959791
5318,4.09,4.4,66,3844,5.808280995
5319.01,4.09,3.1,32,5028,5.798209058
5319.02,3.62,7.4,143,2947,5.834992536
5320.01,2.84,8.7,168,2157,5.83606202
5320.02,3.14,9.1,163,2190,5.828804529
5321.01,3.63,8.8,104,4679,5.78113186
5321.02,3.44,17.7,219,2571,5.725652519
5322,3.53,8,174,4410,5.780907716
5323.02,4.09,4.8,34,3569,5.769013739
5323.03,3.35,11.1,129,3185,5.784625879
5323.04,3.7,7.5,220,2978,5.750276895
5324,,18.2,10,25,5.788604044
5325,3.74,7.7,22,3049,5.820755607
5326.03,4.53,6,14,2323,5.827732427
5326.04,4.23,3.8,13,2028,5.635218001
5326.05,3.58,1.6,16,2976,5.818837236
5326.06,3.91,3.2,83,3522,5.608190529
5327,4.55,0,23,2168,5.64114167
5328,4.5,2.4,13,2668,5.760656768
5330.01,4.08,4.8,27,3077,5.674766763
5330.02,4.35,3.9,26,2003,5.843896006
5331.03,4.06,5,65,2411,6.093693004
5331.04,3.6,5.1,82,3203,5.961988408
5331.05,3.81,10,28,1676,5.84470741
5331.06,4.03,6.2,4,1335,5.700692565
5331.07,3.72,12.4,17,2521,5.904602778
5332.01,4.37,6.6,39,2139,5.827641541
5332.02,4.14,5.5,23,2028,5.799786822
5332.03,4.55,4.4,12,1287,6.025591142
5333,4.16,2.6,52,2246,5.746692083
5334.01,4.69,6.6,13,3826,5.959603287
5334.03,4.12,8.7,135,2087,5.730843686
5335.01,4.31,6.3,15,2342,5.63975179
5335.02,4.5,6.9,20,1618,5.610116779
5335.03,4.51,0.9,19,1562,5.824237746
5336.01,4.39,4.8,83,3405,5.655024932
5336.02,3.94,7.9,132,3743,5.697072628
5336.03,3.78,8.8,244,4658,5.648323994
5337.01,4.1,3.7,53,2648,5.644302109
5337.02,4.36,2.1,8,2637,5.848366407
5337.03,4.34,3.7,52,3053,5.723239103
5338.03,3.85,4.5,425,4385,5.905376984
5338.04,3.44,7.8,150,3065,5.830600123
5338.05,4.14,9.7,100,2883,6.09981668
5338.06,4.06,6.4,41,2631,5.803921111
5339.01,4.49,2.5,30,4395,5.639771567
5339.02,4.52,6.4,101,2947,5.8404672
5340.01,4.17,7,66,3569,5.763729297
5340.02,4.47,8.9,200,3189,5.683331269
5341.01,4.35,7.5,77,1188,5.745651778
5341.02,4.55,5.4,163,4478,5.639532704
5342.01,4.57,4,162,2997,5.656149547
5342.02,4.59,4.3,163,4027,5.771042991
5342.03,4.42,3.5,65,2540,5.87281922
5343.01,4.13,8.5,33,3221,5.754489426
5343.02,4.81,4.2,91,2660,5.596062497
5344.03,4.1,4.7,89,2190,5.976776036
5344.04,3.6,4.8,89,2299,5.808531108
5344.05,4.22,2.5,38,2996,5.729917821
5344.06,4.88,3.1,81,3635,5.623212665
5345.01,4.06,5.9,92,3635,5.678924779
5345.02,4.38,6.3,22,3499,5.86321797
5347,4.98,7.9,60,3853,5.715339925
5348.02,4.57,5.2,34,2319,5.832263086
5348.03,3.82,4.5,81,3403,5.781159839
5348.04,4.21,4.9,10,2924,5.717509856
5349,4.27,2.3,13,4793,5.728987275
5350.02,4.57,4.4,54,2441,5.678120589
5351.01,4.39,7.6,57,4538,5.77625411
5351.02,4.57,6,26,2543,5.894964571
5352,4.53,6.1,27,3460,5.702282368
5353,4.28,1.9,9,3967,5.775218967
5354,4.72,2.9,17,2217,5.681332796
5355.01,4.06,2.8,41,2935,5.830601315
5355.02,3.99,6.1,105,3552,5.741334015
5355.03,4.18,5.8,20,1834,5.610874522
5356.03,4,7.2,11,2507,5.792731105
5356.04,4.33,4.4,12,3233,5.919898214
5356.05,4.03,3.7,43,3256,5.839443231
5356.06,3.95,5,37,1307,5.704400481
5356.07,4.4,7.5,16,3389,5.863189757
5357.01,4.28,5.6,71,4883,5.801793721
5357.02,3.39,4.8,229,3390,5.783311241
5358.02,4.05,7.5,253,5118,5.727573123
5358.03,4.17,7,47,3431,5.755902321
5358.04,4.28,6,104,3969,5.790487697
5359.01,4.03,11.9,55,4295,5.756001626
5359.02,5.16,8.1,247,5976,5.737480573
5360,3.94,3.9,62,2846,5.794650844
5361.02,3.15,10.3,424,2032,5.872621894
5361.03,3.71,6.5,69,4260,5.891511778
5361.04,4.22,8.6,115,2773,5.786882897
5362,3.94,18.3,501,4926,5.672677486
5401.01,4.68,9.6,81,4598,5.836723626
5401.02,4.29,7.6,175,4796,5.810821324
5402.01,3.66,6,7,1408,5.860302063
5402.02,4.13,5.6,253,4463,5.828202278
5402.03,4.24,5.1,64,3625,5.757252743
5403,4.53,7.6,72,3671,5.938585095
5404,5.56,1.6,14,1450,5.644421878
5405.01,5.08,2.4,463,4216,5.681907589
5405.02,4.51,4.6,82,3833,5.813286215
5406,4.02,4.3,25,1726,5.644150112
5407,4.23,10.6,42,1246,5.773506229
5408,3.62,14.1,20,1642,5.757272372
5409.01,3.82,10.8,128,2007,5.574499328
5409.02,3.46,11.4,44,1354,5.680899852
5410.01,3.34,14.5,23,329,5.844748097
5410.02,2.83,24.6,410,550,5.857027242
5411,3.32,7.1,42,1148,5.80594497
5412,3.38,12.9,93,1640,5.84562337
5413,4.07,5.3,9,2515,5.576909089
5414,4.56,3.1,22,3870,5.693794709
5415,4.55,2.1,8,3722,5.757499005
5416.03,4.73,1.6,87,1925,5.683929072
5416.04,4.42,3.5,123,3356,5.686322937
5416.05,4.54,5.7,23,3320,5.660210488
5416.06,4.15,4.7,23,1474,5.710808132
5417,4.65,7.6,42,3909,5.803032702
5418.01,4.72,5.5,36,3274,5.762459996
5420,4.63,6.9,127,2959,5.807261333
5421.03,4.65,4.2,15,2660,5.592533668
5421.04,4.94,4.1,32,2251,5.754188607
5421.05,4.71,4.1,52,2843,5.774012025
5421.06,4.73,4.7,31,2102,5.781269878
5422,4.51,4.8,40,3867,5.784521029
5424.01,4.33,6.5,24,2093,5.849993452
5424.02,4.08,12.7,41,1699,5.637700121
5425.01,3.95,9.8,48,1507,5.492609611
5425.02,3.49,7.2,45,1669,5.610519232
5426.01,4.52,6.5,38,1805,5.539566331
5426.02,4.12,7.4,80,3194,5.781572727
5427,4.47,8.4,46,3178,5.758545102
5428,3.49,10.1,42,939,5.785122507
5429,3.93,5,7,1656,5.596906269
5430,3.55,10.5,19,1410,5.714469875
5431,3.7,7.7,41,2536,5.779233439
5432.01,4.22,9.6,70,1478,5.676249773
5432.02,4.48,7,46,2356,5.693928471
5433.04,3.09,32.1,139,787,5.844892498
5433.05,3.14,10.5,695,969,5.737562908
5433.06,3.54,29.3,631,1565,5.752047101
5433.21,3.07,34,514,656,5.829721392
5433.22,3.23,34.5,136,672,5.824311686
5434,4.57,17,231,1819,5.808367241
5435.01,3.2,26,563,1930,5.906246938
5435.02,2.93,25.9,706,1480,5.743078583
5435.03,3.08,34.7,786,1349,5.877095247
5436.01,3.97,27.7,506,1212,5.792157672
5436.02,2.91,39.3,1022,2071,5.765206563
5436.03,2.6,33.7,1197,589,5.774562725
5436.04,4.45,27.6,532,2239,5.772015012
5437.01,4.6,17.5,183,1148,5.697042933
5437.02,3.87,17.9,334,2892,5.728384574
5437.03,3.71,20.8,369,1647,5.895541342
5438.01,3.75,21.6,655,2085,5.76130155
5438.02,3.57,20.7,276,1693,5.809502112
5439.03,3.55,28.2,297,1358,5.763030786
5439.05,4.64,11.5,103,2276,5.800719223
5440.01,4.34,13.2,204,2251,5.684001363
5440.02,3.51,16,386,1504,5.808400843
5501,4.3,16.1,538,4681,5.83955706
5502.01,4.04,14.5,334,1664,5.701094446
5502.02,3.92,13.1,683,2926,5.795976557
5503,3.88,22.2,861,4244,5.811439115
5504,3.9,15.8,334,679,5.878217792
5505,3.8,24.6,1516,4482,5.76822055
5506.01,3.58,19.9,973,3053,6.025896863
5506.02,3.91,23.2,738,2748,5.897168345
5507,3.59,31.6,1188,3878,5.792376548
5508,3.32,24.7,1264,4113,5.817268567
5509.01,3.16,22.2,486,2367,5.855441988
5509.02,3.18,28.1,690,3483,5.72608152
5510,3.13,31.2,1397,3330,5.789170806
5511.01,3.34,10,183,2238,5.743910677
5511.02,3.1,8.3,462,2870,5.838415791
5512.01,3.41,19.3,396,2401,5.828005925
5512.02,3.47,20.5,813,4500,5.908854684
5513,2.86,9.4,714,2973,5.75517459
5514.01,3.5,19.8,776,2708,5.698792644
5514.02,3.53,18.6,637,2274,5.871910617
5515.01,3.48,25.6,672,2515,5.749453735
5515.02,3.49,23.7,909,2181,5.815045704
5517,3.92,11.3,661,3863,5.750751631
5518,3.39,23.4,837,4138,5.919762213
5519,3.63,16.5,556,2936,5.813161754
5520.01,4.02,18.7,458,2115,5.767367816
5520.02,3.92,11.4,280,2129,5.764926922
5521,3.2,9.9,904,3087,5.737614794
5522,3.64,9.8,246,3659,5.735741698
5523.01,3.62,21.9,283,2261,5.759376132
5523.02,2.97,22.4,623,1404,5.750057107
5524,4.57,7.2,135,1714,5.77847565
5526.01,4.63,8.9,166,3926,5.672002327
5526.02,4.1,22.1,453,1722,5.752259953
5527,3.89,14,921,3800,5.728722324
5528,3.81,12.9,692,3234,5.814473234
5529,3.8,16.7,956,3083,5.840091063
5530,3.95,20.4,722,2329,5.861761062
5531,3.74,20.1,1495,2369,5.8848412
5532,3.86,19.7,1246,3776,5.805948487
5533,3.5,11.8,674,1865,5.911111434
5534,3.98,16.8,311,2147,5.768637857
5535.02,3.39,12.9,261,2361,5.688009594
5535.03,3.7,6.9,114,1514,5.721154479
5535.04,4.82,8.7,209,3879,5.830416753
5536.01,3.99,5.8,209,2932,5.723241132
5536.02,3.98,11.9,333,2812,5.937404877
5537.01,4.65,3.5,76,2870,5.664405608
5537.02,4.76,2.9,28,3306,5.716794855
5538.01,4.15,3.1,122,2471,5.669407767
5538.02,3.08,8.7,319,3101,5.835218022
5539.01,4.17,12.1,408,4169,5.778936548
5539.02,3.51,9.5,462,3119,5.841906874
5540.01,3.43,19.2,630,1446,5.760670614
5540.02,3.49,14.3,863,2501,5.845500157
5541.01,4.22,11.5,497,2244,5.719413923
5541.03,3.52,16.6,290,659,5.765225128
5541.04,3.5,13.9,354,1026,5.849923349
5541.05,2.87,14.4,425,1570,5.687880763
5542.01,3.52,22.5,726,1533,5.858988092
5542.03,3.16,16.5,838,1328,5.77330991
5542.04,2.58,12.2,547,1735,5.718100571
5543.01,3.75,10.1,331,1900,5.746485372
5543.02,3.22,12,225,1043,5.734177203
5544.03,3.48,10.9,664,2004,5.740730424
5544.04,3.09,12.5,476,1411,5.775784309
5544.05,2.52,18.5,418,1087,5.76159849
5544.06,2.75,31.8,1448,1184,5.78262963
5545.11,3.52,53.2,494,200,5.851851457
5545.12,3.28,57.8,917,291,5.785710483
5545.13,3.14,62.3,167,127,5.854382866
5545.14,3.5,39.5,636,648,5.732263872
5545.15,3.45,44.4,711,390,5.821032854
5545.16,3.35,46.9,517,435,5.739071956
5545.17,3.01,53.9,419,311,5.878768231
5545.18,3.37,48.3,815,589,5.918726733
5545.19,3.04,48.6,478,263,5.822481456
5545.21,3.15,38.8,1343,904,5.807907514
5545.22,3.46,44.2,912,822,5.910801424
5546,3.36,20.4,669,1754,5.813083023
5547,4.84,8.7,242,3002,5.848400521
5548.01,4.55,13,161,2173,5.698690874
5548.02,3.31,31.3,1270,1339,5.804811559
5549,3.45,27.8,1505,1202,5.846531243
5550.01,3.54,22.4,846,2029,5.784824653
5550.02,3.01,22.1,806,975,5.701259936
5551.02,3.56,20.1,709,2587,5.691302219
5551.03,3.23,27.6,821,1135,5.8893731
5551.04,3.01,27.9,596,1332,5.789114919
5552.02,3.09,36.8,1649,780,5.849539005
5552.11,4.08,5.1,176,3797,5.70633686
5552.12,3.92,7,462,2554,5.592826425
5701,3.75,24.1,569,646,5.810709704
5702.02,3.98,9,543,3017,5.712077728
5702.03,3.32,7.4,131,1814,5.676296594
5702.04,3.61,14.5,406,1466,5.982672453
5703.01,3.6,7.3,519,4099,5.874619806
5703.03,3.8,11.7,203,1680,5.775516275
5703.04,3.42,8.3,237,2123,5.75538209
5704.02,3.68,15,161,1237,5.85084311
5704.03,4.7,5.9,76,3044,5.75027514
5704.04,4,12.8,52,1644,5.860700416
5705.01,3.45,14.8,1021,3037,5.808946928
5705.02,3.79,10.7,988,3044,5.790858914
5706.01,3.98,11.9,389,2455,5.634992624
5706.02,3.87,17.6,546,2535,5.774209873
5706.03,2.94,12,328,1241,5.689484908
5707.01,2.64,37.3,1328,1387,5.807005776
5707.02,2.9,28.2,710,698,5.761579795
5708,3.25,29,2119,1306,5.812121222
5709.01,3.09,32.8,2598,1079,5.748596385
5709.02,3.07,32.1,1640,871,5.828007603
5710,2.97,22.9,3077,1134,5.779587502
5711.01,3.1,26.4,2325,1070,5.901819821
5711.02,3.03,,1840,559,5.749002366
5712,2.6,36.1,3424,1741,5.825535754
5713,2.9,34,1936,878,5.864764533
5714,2.69,23.4,1607,1366,5.722206545
5715.02,2.6,28.4,904,1012,5.867711489
5715.03,3.26,29.6,582,985,5.840715174
5715.04,2.59,26.2,922,1350,5.81508811
5716,2.51,8.7,113,433,5.696910969
5717.01,3.78,16.1,444,2726,5.815174015
5717.03,3.64,10.2,158,1570,5.972790641
5717.04,3.41,8.2,305,1325,5.877329157
5718,2.32,56.9,1667,364,5.869371984
5719,2.48,45.8,1772,1450,5.778079178
5720.01,2.54,45.3,2352,1141,5.787938358
5720.02,2.62,29.5,1628,683,5.672592616
5721,3.77,33.6,167,294,5.87394866
5722.01,3.12,33.7,952,1933,5.733609202
5722.02,3.32,26.3,564,940,5.799830211
5723.01,3.94,13.3,181,1780,5.793912304
5723.02,4.43,13.7,127,1169,5.540232241
5724,4.3,19.3,117,181,5.860296995
5725,2.52,12.8,292,326,5.848744296
5726,4.41,20.9,126,1760,5.879082183
5727,4.2,16.8,186,1389,5.738317407
5728,3.53,4.3,183,112,5.784957325
5729,4.35,9.9,163,2470,5.819325701
5730.02,3.51,6.9,251,1858,5.728333699
5730.03,3.33,20.6,316,636,5.627747646
5730.04,2.89,12.3,421,1862,5.727880556
5731,3.13,19.6,560,3167,5.882803584
5732.01,3.61,9.5,144,2054,5.842631927
5732.02,3.95,8.7,372,2684,5.776707324
5733,4.18,7.2,109,1371,5.789022338
5734.01,2.82,23.3,294,333,5.869735317
5734.02,2.9,27,1430,1820,5.833950227
5734.03,2.7,53.6,1223,542,5.880072952
5736.01,2.62,37.4,3073,970,5.873935676
5737,2.87,42.1,2478,908,5.864488217
5738,2.95,32.6,2389,580,5.846389161
5739.02,2.53,56.7,1035,190,5.779313103
5740,2.92,43,3063,950,5.853947813
5741,2.76,43.3,2925,745,5.929119629
5742.01,2.83,38.5,1463,564,5.773520925
5742.02,2.57,22.1,1081,510,5.809379582
5743,2.73,34.6,3266,681,5.855683858
5744,2.79,44.8,2893,737,5.830155239
5745,2.81,49.9,3849,561,5.866493083
5746.02,2.28,55.6,690,197,6.029568272
5748,2.05,61,1759,243,5.825625993
5749.01,2.68,52.2,2226,456,5.862087947
5749.02,2.59,44.8,2117,867,5.879662807
5750.01,2.23,42.8,1684,648,5.811105598
5750.02,2.36,45,2037,1124,5.787341735
5751.01,3.07,18.2,519,1815,5.770203068
5751.02,3.5,11.5,275,1672,5.675960818
5751.03,2.5,26,1141,1561,5.708006431
5752.01,3.87,11.3,56,1582,5.717979274
5752.02,4.07,9.7,96,2130,5.890823778
5753,3.74,10.5,146,2069,5.715999445
5754.01,3.73,7.3,358,3075,5.752702041
5754.02,4.02,7,169,2221,5.836973938
5758.01,3.44,8.1,192,1246,5.913235646
5758.02,3.42,13.2,320,2724,5.850347819
5758.03,2.33,14,407,1269,5.746471946
5759.01,2.49,30.1,566,1274,5.836766582
5759.02,1.7,32.4,1673,1248,5.920891987
5760.01,1.67,56.7,2126,849,5.997124957
5762,1.87,27.7,1277,2152,5.914354547
5763.01,2.69,23.2,599,1712,5.869925204
5763.02,3.66,11.3,254,1789,5.752438872
5764.01,3.97,2.6,272,2099,5.779259137
5764.02,3.78,6.2,209,2146,5.718415918
5764.03,3.88,5.4,271,2097,5.771264727
5765.01,2.06,27.7,816,1227,5.864171963
5765.02,2.34,22.8,1062,1448,5.848865306
5765.03,2.18,24.4,1111,1341,5.822883727
5766.01,1.58,38.9,2182,1016,5.895085216
5766.02,1.6,55.5,2193,892,5.871581356
5767,1.8,52.7,2269,770,6.139634494
5768.01,2.03,36,1281,1481,5.860272168
5768.02,1.95,48.9,1847,868,5.813007546
5769.01,3.56,9.6,373,3228,5.981709904
5769.03,3.07,15.6,709,1797,5.811137635
5769.04,2.48,21.9,941,969,5.809296545
5770,2.28,40.6,3022,2263,5.828178267
5771,2.05,50.4,3660,1412,5.841712224
5772,1.62,58.2,3157,1063,6.01998039
5773,1.76,61,3897,824,5.956182011
5774,1.89,65.4,1969,447,6.020259569
5775.01,2.05,63.6,2415,256,6.061899058
5775.04,1.96,52.5,955,166,6.223166185
5776.02,2.03,60.3,2365,265,5.926264043
5776.03,2.18,63.3,5106,740,5.930571546
5776.04,1.77,60.1,868,181,5.945446616
5990,2.9,20.3,959,1705,6.09856795
5991,2.65,20.6,320,85,5.854490407
6010.01,1.83,22.5,154,431,5.736425603
6010.02,2.56,11.4,41,1808,5.795961216
6011,2.76,10.3,144,2708,5.836025983
6012.02,3.75,11.1,83,2506,5.75310163
6012.11,2.57,12.9,93,1084,5.841936969
6012.12,3.15,9.4,94,3422,5.970800415
6013.01,2.62,41.9,214,252,5.863642055
6013.02,2.65,26.4,428,1210,5.783510916
6013.03,2.4,17.9,196,1107,5.652179123
6014.01,3.01,17.6,331,2243,5.765351148
6014.02,3.85,10,165,3778,5.725138689
6015.01,3.66,4,125,2443,5.80841073
6015.02,4.58,6.8,123,2790,5.669338819
6016,3.92,11.4,60,2856,5.853511715
6017,4.22,4.5,117,3649,5.714771608
6018.01,4.3,2.2,19,2547,5.441010637
6018.02,4.23,5.8,64,2901,5.772099689
6019,4.26,8.6,40,2865,5.818600781
6020.02,3.63,8.6,125,1849,5.641252761
6020.03,3.9,5.6,21,3069,5.672582038
6020.04,3.82,9.8,169,2424,5.790073483
6021.03,3,14.4,598,3358,5.808414342
6021.04,3.38,15.9,191,2581,5.682399104
6021.05,3.27,12.4,248,2331,5.748721011
6021.06,2.59,14.9,386,2750,5.754735464
6022,3.31,27.8,1737,3169,5.859778067
6023.01,3.3,29.6,1618,2382,5.680336191
6023.02,2.7,57.7,1971,537,5.836248422
6024.02,3.13,15.9,1095,3130,5.7681452
6024.03,3.29,16,249,2482,5.51134219
6024.04,3.06,21.1,353,2732,5.815326987
6025.04,2.43,24.7,148,1404,5.741261459
6025.05,2.56,18.3,133,1513,5.676681244
6025.06,2.61,10.4,79,1483,5.87904053
6025.07,2.52,20.3,193,894,6.065077007
6025.08,2.75,20.1,436,2557,5.643601231
6025.09,3.73,12.5,126,1889,5.799871349
6026,2.91,19.8,248,1290,5.828621528
6027,3.15,27.9,89,608,5.747841806
6028.01,3.21,5.7,90,1881,5.788870637
6028.02,2.96,25.9,20,1184,5.70174619
6029,3.18,11.3,295,2284,5.747630211
6030.01,2.86,20.1,228,2217,5.78854711
6030.04,2.22,32.1,83,283,5.936017253
6030.05,3.09,19.5,268,1700,5.74832123
6030.06,2.49,29.8,171,348,5.724399497
6031.01,2.55,28,410,944,5.783862462
6031.02,2.72,26,191,1134,5.788346044
6032,2.82,31.3,182,836,5.795815795
6033.01,2.15,34.9,361,619,5.923852212
6033.02,2.94,21.4,455,1667,5.741466507
6034,3.07,23.7,604,1364,5.718210654
6035,3.28,18.3,400,1104,5.868178036
6036,2.96,21,1034,1278,5.720804363
6037.02,3.33,33.1,1505,1336,5.764499224
6037.03,3.29,22.7,664,1086,5.769124856
6037.04,3.13,10.2,122,2589,5.619705706
6038.01,3.36,15.6,357,2149,5.810014892
6038.02,3.48,16.6,366,2188,5.86884462
6039,3.2,14.3,1006,3534,5.651615008
6040.01,3.89,12.7,679,2466,5.799692095
6040.02,3.04,26.4,629,2084,5.809894367
6041,3.59,11.4,1193,3781,5.834788524
6099,3.14,16.7,526,1201,5.884720186
6201.01,2.57,47.5,2884,865,5.847522821
6201.02,2.41,49.7,2174,459,5.832097065
6202.01,1.75,75.9,986,138,6.066053164
6203.01,3,71,3051,482,5.824719805
6203.03,2.79,76.5,2712,182,5.856688083
6203.05,2.21,79.4,3986,403,6.191729234
6204,2.58,64.2,3016,436,5.992660031
6205.01,2.96,51.9,2969,819,5.822232216
6205.21,2.52,51.1,1653,703,5.922564816
6205.22,2.6,51.1,2227,553,5.92657799
6206.01,2.37,52.6,2497,1017,5.879844953
6206.02,2.73,50.2,2743,915,5.821985707
6207.01,2.45,59.2,3479,878,5.90822342
6207.02,2.84,55.1,3251,672,5.884243917
6208,2.88,72.5,4335,695,5.917146374
6209.01,2.88,74.1,1671,156,6.025600338
6209.04,2.42,78.8,1978,49,6.055023472
6210.01,2.16,67.3,3043,347,6.033880129
6210.02,2.17,74,725,28,5.986472736
6210.04,2.01,73.3,3451,184,6.037181433
6211.02,2.58,62.7,1926,255,5.971618427
6211.04,2.07,74.8,4487,510,5.997242899
6212.01,2.46,60.4,3428,991,5.772953511
6212.04,1.64,49.3,1801,653,5.974625831
6213.01,2.49,63.1,4122,702,5.839249026
6213.24,2.11,66.7,2428,362,5.936739389
6213.26,1.71,59.2,2105,324,6.11936874
6214,2.52,67.8,2684,397,5.78541754
6501.01,2.97,35.6,1163,541,5.861110115
6501.02,2.91,35,778,404,5.652667606
6502,3.23,30.8,2217,1368,5.738202537
6503,2.78,32.2,1870,1470,5.817154922
6504.01,3.1,42,1866,501,5.824559967
6505.01,3.03,45.8,1366,342,5.809876481
6505.02,2.82,50.9,1993,376,5.820932583
6506.02,2.52,51.6,2259,710,5.830217002
6506.03,2.48,54.1,1560,399,5.852960354
6506.04,2.28,37.1,1674,1071,5.793450716
6506.05,2.68,51.3,967,124,6.014935985
6507.01,2.62,48.9,1150,207,5.867877419
6507.02,2.96,53.5,2213,405,5.760434857
6508,2.45,66.8,1298,296,5.858134344
6509.01,2.44,36,2408,1588,5.817530287
6509.02,2.46,37.4,1674,1437,5.874128674
6510.01,3.29,32.8,1968,1453,5.834394996
6510.02,2.82,49.8,1530,814,5.864428167
6511.01,2.71,45.5,1995,542,5.896304017
6511.02,2.27,47.9,1508,604,5.961036311
6512.01,2.76,54.1,2848,295,5.766049684
6512.21,2.27,46.8,1164,258,5.779250012
6512.22,2.64,51.4,1990,803,5.725635422
6513.02,2.68,55.7,3702,423,5.874527946
6513.04,1.88,61.8,3208,302,6.060053869
6514.01,2.13,52.4,1321,163,5.806973556
6514.02,2.79,55.8,2452,354,5.849294336
6701,2.33,34.6,2477,1312,5.855805029
6702.01,2.5,63.1,2001,311,5.874569008
6702.02,2.9,64.1,1359,277,5.84645977
6703.24,2.74,72.8,3380,209,5.924433887
6703.26,2.66,77.7,1775,195,6.041283398
6703.28,3.04,75.7,2850,206,5.720584688
6704.03,2.73,71.1,1284,121,5.785661911
6704.05,2.54,75.1,1278,141,5.775339365
6704.06,2.93,66.3,724,62,6.043285865
6704.07,2.65,65.6,2183,369,5.884269928
6704.11,2.77,69.6,2340,151,5.731826645
6704.13,2.66,71.8,1892,380,5.841813818
6704.16,2.65,67.2,1847,136,5.824123828
6705,2.77,70.3,1146,69,5.738121206
6706.02,2.51,69.1,4184,353,6.112912806
6707.01,2.7,50.2,3102,1399,5.747527884
6707.02,2.59,55,3335,523,5.848983272
7010,2.12,77.3,3759,270,5.915539004
7011,2.42,9.7,314,150,5.859340734
7012.01,2.66,76.7,2752,189,6.097963186
7012.02,1.81,79.3,2253,275,5.950033753
7013.02,1.64,78.2,3455,432,5.961041321
7013.04,1.95,69.2,4576,382,6.026859275
7014.02,1.52,65.8,4453,360,5.956958448
7015.01,1.8,72.4,3400,247,5.925748853
7015.02,1.87,60.4,2539,538,5.928714837
7016.01,2.44,76.8,2838,284,5.941365939
7016.02,2.1,73.4,2564,520,5.867056954
7017.01,2.14,55.5,1894,759,5.853707671
7017.02,1.8,50.9,1582,852,5.947506526
7018.01,2.26,38.5,1704,1984,5.808579482
7018.02,2.2,46.6,1732,1082,5.885404213
7019.02,1.42,65.3,2770,411,5.94781506
7020.02,1.78,64.9,3649,898,5.866457286
7021.02,1.64,76.2,4223,731,5.948005495
7022.01,2.27,58.3,2997,843,5.803676358
7022.02,2.32,61.4,2325,510,5.826955325
7023,2.34,63.1,3873,868,5.911727035
7024,2.26,49.5,1840,997,5.879290006
7025.01,2.28,55.3,2382,539,5.92623603
7025.02,2.03,73.4,2278,317,5.69408435
7026,2.61,50.4,2508,940,5.81389329
7027,2.93,58.6,1624,594,5.872548747
7028.01,2.61,42.8,2316,1428,5.880038217
7028.02,2.8,39.9,715,902,6.169205286
7028.03,2.6,37.1,1162,972,6.009337294
7029.01,1.8,63,5929,869,5.977351251
7030.01,1.9,63.3,2135,423,5.84411243
7030.02,2.66,54.2,882,223,5.856113772
7031,2.26,53.4,392,303,5.869257295
7032,2.6,49.6,471,421,5.887786943
9010.04,3.37,27.1,4061,2693,5.809940713
9010.07,3.21,19.8,1086,591,5.786906452
9010.08,3.08,19.1,940,660,5.819177828
9010.09,3.04,23.1,2585,980,5.763734637
9010.1,3.22,16.4,2038,1586,5.825501553
9010.11,2.67,27.6,2216,798,5.772702118
9011.01,2.92,17.2,2356,1063,5.860515108
9011.02,3.01,22.5,2425,1446,5.771777581
9012.05,3.27,21.3,5087,1744,5.848502584
9012.09,2.5,17.7,785,196,5.834668523
9012.1,2.53,23.5,1062,151,6.941388889
9012.13,2.85,27.7,2374,426,5.760970092
9101.01,3.9,6.6,168,779,5.824322467
9102.01,2.93,14,1085,1213,5.845171379
9102.02,3.28,28.2,2688,901,5.840476809
9102.05,3.05,29.7,550,317,5.837057549
9102.06,3.6,30.9,797,1045,5.999078777
9102.07,3.6,23.9,1565,1664,5.685500628
9102.08,3.54,15.5,1487,2449,5.834473981
9102.09,3.4,29.9,1732,640,5.793886916
9102.1,3.25,30.5,2517,1615,5.766780339
9103.01,3.03,24.2,2139,783,5.877056976
9103.02,2.95,31.9,3263,929,5.781782185
9104.01,3.04,31,2082,1815,5.879691317
9104.02,3.76,8.4,332,1626,5.766334615
9104.03,4.2,4.7,92,1241,5.865310933
9104.04,3.84,9.2,603,1767,5.66671841
9105.01,2.93,8.1,400,1811,5.687418724
9105.02,3.53,9,637,1721,5.648822887
9105.04,3.94,7.7,478,2544,5.74258615
9105.05,3.85,3.6,672,1300,5.745687932
9106.01,4.47,4.7,1119,3262,5.871237146
9106.02,2.88,12.1,592,1525,5.73855837
9106.03,3.4,7.6,896,3537,5.719621273
9106.05,3.94,5.2,691,2129,5.689997132
9106.06,4.29,11.2,373,1466,5.769852594
9107.05,4.49,9.1,1513,5670,5.714941596
9107.06,4.25,7.1,307,3295,5.849671596
9107.07,3.58,13.2,776,1904,5.816656886
9107.09,3.48,12.7,673,488,5.720512123
9107.11,3.95,7.1,1074,4379,5.825214192
9107.12,3.86,13.1,401,1015,5.822633458
9107.13,4.64,8.8,600,2947,5.737290339
9107.14,4.81,6.4,296,2268,5.844083901
9107.15,3.67,10.5,716,3018,5.772594197
9107.16,3.38,,1301,2079,5.803735235
9108.04,2.77,20.4,1901,449,5.886352522
9108.05,3.02,32.3,2645,844,5.883257405
9108.07,3.22,33.3,2560,1333,5.751190359
9108.08,3.01,26.2,1986,605,5.833943926
9108.09,3.08,47.9,1342,287,5.834705624
9108.1,3.49,31.8,1391,503,5.719845485
9108.12,2.64,13.9,357,58,5.94734414
9108.13,2.94,27.3,2383,564,5.875331977
9110.01,2.54,20.5,2295,957,5.850431941
9200.41,3.48,22.3,948,745,5.11
9201.02,2.8,30.4,2296,1557,5.952001502
9201.04,3.44,26,1780,458,5.856633535
9201.06,3.71,16.4,787,1532,5.68313367
9201.07,3.72,65.7,1332,445,5.9541262
9201.08,2.83,50.9,1540,430,5.959392097
9201.09,2.86,54.7,2575,668,5.848964058
9201.1,3.11,52.4,1889,373,6.06438747
9201.11,3.15,31.5,1469,515,5.893404222
9201.12,2.65,33.8,2557,423,5.86743682
9201.14,2.88,47.7,2444,1011,5.923281281
9201.15,2.74,47.9,1898,721,5.894058038
9201.16,3.15,37.2,2101,719,5.867568296
9201.18,3.47,31.4,2607,1278,5.849706619
9201.19,3.75,46.3,896,316,6.010719238
9203.03,2.62,56.1,524,267,6.034814396
9203.12,2.79,34.2,2532,1119,5.824135291
9203.13,3.03,36.6,2666,1277,5.813447118
9203.14,3.09,41.2,1553,549,5.885457756
9203.22,2.77,39.1,1718,361,5.842059488
9203.26,2.63,41.1,2833,739,5.888072128
9203.28,2.4,53,1233,172,5.941501235
9203.29,2.69,40.4,2886,870,5.88426092
9203.3,2.43,44,2833,1161,5.806937551
9203.31,2.88,31,2324,648,5.896878958
9203.32,2.74,33.4,1339,531,5.782799197
9203.34,2.43,45.6,3457,986,5.823678491
9203.36,3.73,16.2,1059,3251,5.856990481
9203.37,3.9,15.1,778,3475,5.658329098
9203.38,3.65,59.8,2728,738,5.877808993
9203.39,3.25,55.5,3367,808,5.888278729
9301.01,,64.9,98,27,5.713390373
9302,2.43,30.6,240,117,5.820675714
9303.01,2.18,15.7,545,147,5.811784081